"Time","CPU Utilization"
2025-03-27 08:05:00,0.0515
2025-03-27 08:10:00,0.0520
2025-03-27 08:15:00,0.0203
2025-03-27 08:20:00,0.0215
2025-03-27 08:25:00,0.0199
2025-03-27 08:30:00,0.0495
2025-03-27 08:35:00,0.0529
2025-03-27 08:40:00,0.0346
2025-03-27 08:45:00,0.0214
2025-03-27 08:50:00,0.0212
2025-03-27 08:55:00,0.0339
2025-03-27 09:00:00,0.0539
2025-03-27 09:05:00,0.0455
2025-03-27 09:10:00,0.0379
2025-03-27 09:15:00,0.0238
2025-03-27 09:20:00,0.0251
2025-03-27 09:25:00,0.0511
2025-03-27 09:30:00,0.0633
2025-03-27 09:35:00,0.0345
2025-03-27 09:40:00,0.0359
2025-03-27 09:45:00,0.0733
2025-03-27 09:50:00,0.0503
2025-03-27 09:55:00,0.0525
2025-03-27 10:00:00,0.0357
2025-03-27 10:05:00,0.0236
2025-03-27 10:10:00,0.0205
2025-03-27 10:15:00,0.0375
2025-03-27 10:20:00,0.0538
2025-03-27 10:25:00,0.0447
2025-03-27 10:30:00,0.0219
2025-03-27 10:35:00,0.0225
2025-03-27 10:40:00,0.0291
2025-03-27 10:45:00,0.0542
2025-03-27 10:50:00,0.0572
2025-03-27 10:55:00,0.0446
2025-03-27 11:00:00,0.0240
2025-03-27 11:05:00,0.0510
2025-03-27 11:10:00,0.0547
2025-03-27 11:15:00,0.0606
2025-03-27 11:20:00,0.0438
2025-03-27 11:25:00,0.0262
2025-03-27 11:30:00,0.0313
2025-03-27 11:35:00,0.154
2025-03-27 11:40:00,0.0780
2025-03-27 11:45:00,0.159
2025-03-27 11:50:00,0.126
2025-03-27 11:55:00,0.123
2025-03-27 12:00:00,0.128
2025-03-27 12:05:00,0.154
2025-03-27 12:10:00,0.159
2025-03-27 12:15:00,0.136
2025-03-27 12:20:00,0.127
2025-03-27 12:25:00,0.127
2025-03-27 12:30:00,0.186
2025-03-27 12:35:00,0.159
2025-03-27 12:40:00,0.159
2025-03-27 12:45:00,0.130
2025-03-27 12:50:00,0.131
2025-03-27 12:55:00,0.124
2025-03-27 13:00:00,0.147
2025-03-27 13:05:00,0.157
2025-03-27 13:10:00,0.147
2025-03-27 13:15:00,0.128
2025-03-27 13:20:00,0.126
2025-03-27 13:25:00,0.128
2025-03-27 13:30:00,0.158
2025-03-27 13:35:00,0.159
2025-03-27 13:40:00,0.135
2025-03-27 13:45:00,0.125
2025-03-27 13:50:00,0.126
2025-03-27 13:55:00,0.137
2025-03-27 14:00:00,0.157
2025-03-27 14:05:00,0.224
2025-03-27 14:10:00,0.127
2025-03-27 14:15:00,0.132
2025-03-27 14:20:00,0.128
2025-03-27 14:25:00,0.142
2025-03-27 14:30:00,0.158
2025-03-27 14:35:00,0.176
2025-03-27 14:40:00,0.162
2025-03-27 14:45:00,0.130
2025-03-27 14:50:00,0.130
2025-03-27 14:55:00,0.145
2025-03-27 15:00:00,0.159
2025-03-27 15:05:00,0.157
2025-03-27 15:10:00,0.128
2025-03-27 15:15:00,0.162
2025-03-27 15:20:00,0.124
2025-03-27 15:25:00,0.141
2025-03-27 15:30:00,0.161
2025-03-27 15:35:00,0.160
2025-03-27 15:40:00,0.130
2025-03-27 15:45:00,0.129
2025-03-27 15:50:00,0.129
2025-03-27 15:55:00,0.144
2025-03-27 16:00:00,0.168
2025-03-27 16:05:00,0.161
2025-03-27 16:10:00,0.130
2025-03-27 16:15:00,0.129
2025-03-27 16:20:00,0.127
2025-03-27 16:25:00,0.138
2025-03-27 16:30:00,0.162
2025-03-27 16:35:00,0.168
2025-03-27 16:40:00,0.132
2025-03-27 16:45:00,0.132
2025-03-27 16:50:00,0.129
2025-03-27 16:55:00,0.140
2025-03-27 17:00:00,0.157
2025-03-27 17:05:00,0.158
2025-03-27 17:10:00,0.128
2025-03-27 17:15:00,0.125
2025-03-27 17:20:00,0.128
2025-03-27 17:25:00,0.138
2025-03-27 17:30:00,0.158
2025-03-27 17:35:00,0.159
2025-03-27 17:40:00,0.125
2025-03-27 17:45:00,0.127
2025-03-27 17:50:00,0.128
2025-03-27 17:55:00,0.142
2025-03-27 18:00:00,0.157
2025-03-27 18:05:00,0.158
2025-03-27 18:10:00,0.128
2025-03-27 18:15:00,0.127
2025-03-27 18:20:00,0.126
2025-03-27 18:25:00,0.139
2025-03-27 18:30:00,0.155
2025-03-27 18:35:00,0.157
2025-03-27 18:40:00,0.128
2025-03-27 18:45:00,0.127
2025-03-27 18:50:00,0.130
2025-03-27 18:55:00,0.143
2025-03-27 19:00:00,0.160
2025-03-27 19:05:00,0.157
2025-03-27 19:10:00,0.135
2025-03-27 19:15:00,0.129
2025-03-27 19:20:00,0.129
2025-03-27 19:25:00,0.139
2025-03-27 19:30:00,0.155
2025-03-27 19:35:00,0.157
2025-03-27 19:40:00,0.132
2025-03-27 19:45:00,0.127
2025-03-27 19:50:00,0.129
2025-03-27 19:55:00,0.141
2025-03-27 20:00:00,0.208
2025-03-27 20:05:00,0.160
2025-03-27 20:10:00,0.125
2025-03-27 20:15:00,0.126
2025-03-27 20:20:00,0.128
2025-03-27 20:25:00,0.142
2025-03-27 20:30:00,0.158
2025-03-27 20:35:00,0.154
2025-03-27 20:40:00,0.126
2025-03-27 20:45:00,0.120
2025-03-27 20:50:00,0.0231
2025-03-27 20:55:00,0.0415
2025-03-27 21:00:00,0.0553
2025-03-27 21:05:00,0.0514
2025-03-27 21:10:00,0.0246
2025-03-27 21:15:00,0.0249
2025-03-27 21:20:00,0.0248
2025-03-27 21:25:00,0.0479
2025-03-27 21:30:00,0.0542
2025-03-27 21:35:00,0.0399
2025-03-27 21:40:00,0.0220
2025-03-27 21:45:00,0.0234
2025-03-27 21:50:00,0.0265
2025-03-27 21:55:00,0.0526
2025-03-27 22:00:00,0.0527
2025-03-27 22:05:00,0.0287
2025-03-27 22:10:00,0.0226
2025-03-27 22:15:00,0.0223
2025-03-27 22:20:00,0.0374
2025-03-27 22:25:00,0.0523
2025-03-27 22:30:00,0.0474
2025-03-27 22:35:00,0.0215
2025-03-27 22:40:00,0.0215
2025-03-27 22:45:00,0.0223
2025-03-27 22:50:00,0.0544
2025-03-27 22:55:00,0.0524
2025-03-27 23:00:00,0.0315
2025-03-27 23:05:00,0.0264
2025-03-27 23:10:00,0.0213
2025-03-27 23:15:00,0.0316
2025-03-27 23:20:00,0.0567
2025-03-27 23:25:00,0.0526
2025-03-27 23:30:00,0.0279
2025-03-27 23:35:00,0.0307
2025-03-27 23:40:00,0.0236
2025-03-27 23:45:00,0.0397
2025-03-27 23:50:00,0.0534
2025-03-27 23:55:00,0.0473
2025-03-28 00:00:00,0.0221
2025-03-28 00:05:00,0.0250
2025-03-28 00:10:00,0.0282
2025-03-28 00:15:00,0.0562
2025-03-28 00:20:00,0.0549
2025-03-28 00:25:00,0.0377
2025-03-28 00:30:00,0.0225
2025-03-28 00:35:00,0.0236
2025-03-28 00:40:00,0.0278
2025-03-28 00:45:00,0.0760
2025-03-28 00:50:00,0.0528
2025-03-28 00:55:00,0.0229
2025-03-28 01:00:00,0.0236
2025-03-28 01:05:00,0.0225
2025-03-28 01:10:00,0.0419
2025-03-28 01:15:00,0.0538
2025-03-28 01:20:00,0.107
2025-03-28 01:25:00,0.0221
2025-03-28 01:30:00,0.0214
2025-03-28 01:35:00,0.0249
2025-03-28 01:40:00,0.0526
2025-03-28 01:45:00,0.0533
2025-03-28 01:50:00,0.0355
2025-03-28 01:55:00,0.0290
2025-03-28 02:00:00,0.0214
2025-03-28 02:05:00,0.0334
2025-03-28 02:10:00,0.0554
2025-03-28 02:15:00,0.0547
2025-03-28 02:20:00,0.0207
2025-03-28 02:25:00,0.0225
2025-03-28 02:30:00,0.0213
2025-03-28 02:35:00,0.0475
2025-03-28 02:40:00,0.0521
2025-03-28 02:45:00,0.0410
2025-03-28 02:50:00,0.0226
2025-03-28 02:55:00,0.0244
2025-03-28 03:00:00,0.0315
2025-03-28 03:05:00,0.0561
2025-03-28 03:10:00,0.0523
2025-03-28 03:15:00,0.0253
2025-03-28 03:20:00,0.0215
2025-03-28 03:25:00,0.0217
2025-03-28 03:30:00,0.0446
2025-03-28 03:35:00,0.0532
2025-03-28 03:40:00,0.0390
2025-03-28 03:45:00,0.0230
2025-03-28 03:50:00,0.0222
2025-03-28 03:55:00,0.0265
2025-03-28 04:00:00,0.0533
2025-03-28 04:05:00,0.0551
2025-03-28 04:10:00,0.0257
2025-03-28 04:15:00,0.0217
2025-03-28 04:20:00,0.0227
2025-03-28 04:25:00,0.0344
2025-03-28 04:30:00,0.0525
2025-03-28 04:35:00,0.0708
2025-03-28 04:40:00,0.0469
2025-03-28 04:45:00,0.0294
2025-03-28 04:50:00,0.0386
2025-03-28 04:55:00,0.0630
2025-03-28 05:00:00,0.0528
2025-03-28 05:05:00,0.0383
2025-03-28 05:10:00,0.0287
2025-03-28 05:15:00,0.0222
2025-03-28 05:20:00,0.0273
2025-03-28 05:25:00,0.0532
2025-03-28 05:30:00,0.0524
2025-03-28 05:35:00,0.0279
2025-03-28 05:40:00,0.0225
2025-03-28 05:45:00,0.0210
2025-03-28 05:50:00,0.0384
2025-03-28 05:55:00,0.0512
2025-03-28 06:00:00,0.0478
2025-03-28 06:05:00,0.0237
2025-03-28 06:10:00,0.0225
2025-03-28 06:15:00,0.0249
2025-03-28 06:20:00,0.0543
2025-03-28 06:25:00,0.0510
2025-03-28 06:30:00,0.0317
2025-03-28 06:35:00,0.0222
2025-03-28 06:40:00,0.0212
2025-03-28 06:45:00,0.0360
2025-03-28 06:50:00,0.0540
2025-03-28 06:55:00,0.0494
2025-03-28 07:00:00,0.0210
2025-03-28 07:05:00,0.0480
2025-03-28 07:10:00,0.0248
2025-03-28 07:15:00,0.0526
2025-03-28 07:20:00,0.0554
2025-03-28 07:25:00,0.0786
2025-03-28 07:30:00,0.0248
2025-03-28 07:35:00,0.0214
2025-03-28 07:40:00,0.0297
2025-03-28 07:45:00,0.0544
2025-03-28 07:50:00,0.0537
2025-03-28 07:55:00,0.0238
2025-03-28 08:00:00,0.0381
2025-03-28 08:05:00,0.0236
2025-03-28 08:10:00,0.0387
2025-03-28 08:15:00,0.0528
2025-03-28 08:20:00,0.0506
2025-03-28 08:25:00,0.0237
2025-03-28 08:30:00,0.0217
2025-03-28 08:35:00,0.0327
2025-03-28 08:40:00,0.0499
2025-03-28 08:45:00,0.0556
2025-03-28 08:50:00,0.216
2025-03-28 08:55:00,0.129
2025-03-28 09:00:00,0.128
2025-03-28 09:05:00,0.129
2025-03-28 09:10:00,0.157
2025-03-28 09:15:00,0.161
2025-03-28 09:20:00,0.148
2025-03-28 09:25:00,0.128
2025-03-28 09:30:00,0.128
2025-03-28 09:35:00,0.131
2025-03-28 09:40:00,0.174
2025-03-28 09:45:00,0.160
2025-03-28 09:50:00,0.147
2025-03-28 09:55:00,0.131
2025-03-28 10:00:00,0.129
2025-03-28 10:05:00,0.128
2025-03-28 10:10:00,0.154
2025-03-28 10:15:00,0.176
2025-03-28 10:20:00,0.144
2025-03-28 10:25:00,0.126
2025-03-28 10:30:00,0.126
2025-03-28 10:35:00,0.128
2025-03-28 10:40:00,0.296
2025-03-28 10:45:00,0.158
2025-03-28 10:50:00,0.154
2025-03-28 10:55:00,0.125
2025-03-28 11:00:00,0.131
2025-03-28 11:05:00,0.128
2025-03-28 11:10:00,0.148
2025-03-28 11:15:00,0.158
2025-03-28 11:20:00,0.154
2025-03-28 11:25:00,0.126
2025-03-28 11:30:00,0.126
2025-03-28 11:35:00,0.128
2025-03-28 11:40:00,0.151
2025-03-28 11:45:00,0.159
2025-03-28 11:50:00,0.150
2025-03-28 11:55:00,0.139
2025-03-28 12:00:00,0.126
2025-03-28 12:05:00,0.327
2025-03-28 12:10:00,0.184
2025-03-28 12:15:00,0.159
2025-03-28 12:20:00,0.155
2025-03-28 12:25:00,0.126
2025-03-28 12:30:00,0.125
2025-03-28 12:35:00,0.127
2025-03-28 12:40:00,0.150
2025-03-28 12:45:00,0.158
2025-03-28 12:50:00,0.150
2025-03-28 12:55:00,0.125
2025-03-28 13:00:00,0.182
2025-03-28 13:05:00,0.127
2025-03-28 13:10:00,0.151
2025-03-28 13:15:00,0.159
2025-03-28 13:20:00,0.161
2025-03-28 13:25:00,0.144
2025-03-28 13:30:00,0.125
2025-03-28 13:35:00,0.183
2025-03-28 13:40:00,0.131
2025-03-28 13:45:00,0.134
2025-03-28 13:50:00,0.163
2025-03-28 13:55:00,0.161
2025-03-28 14:00:00,0.146
2025-03-28 14:05:00,0.126
2025-03-28 14:10:00,0.143
2025-03-28 14:15:00,0.125
2025-03-28 14:20:00,0.134
2025-03-28 14:25:00,0.158
2025-03-28 14:30:00,0.159
2025-03-28 14:35:00,0.148
2025-03-28 14:40:00,0.138
2025-03-28 14:45:00,0.128
2025-03-28 14:50:00,0.126
2025-03-28 14:55:00,0.127
2025-03-28 15:00:00,0.155
2025-03-28 15:05:00,0.158
2025-03-28 15:10:00,0.153
2025-03-28 15:15:00,0.134
2025-03-28 15:20:00,0.128
2025-03-28 15:25:00,0.126
2025-03-28 15:30:00,0.126
2025-03-28 15:35:00,0.152
2025-03-28 15:40:00,0.164
2025-03-28 15:45:00,0.158
2025-03-28 15:50:00,0.155
2025-03-28 15:55:00,0.127
2025-03-28 16:00:00,0.127
2025-03-28 16:05:00,0.127
2025-03-28 16:10:00,0.142
2025-03-28 16:15:00,0.160
2025-03-28 16:20:00,0.160
2025-03-28 16:25:00,0.177
2025-03-28 16:30:00,0.128
2025-03-28 16:35:00,0.128
2025-03-28 16:40:00,0.128
2025-03-28 16:45:00,0.130
2025-03-28 16:50:00,0.153
2025-03-28 16:55:00,0.163
2025-03-28 17:00:00,0.181
2025-03-28 17:05:00,0.140
2025-03-28 17:10:00,0.130
2025-03-28 17:15:00,0.129
2025-03-28 17:20:00,0.128
2025-03-28 17:25:00,0.141
2025-03-28 17:30:00,0.157
2025-03-28 17:35:00,0.211
2025-03-28 17:40:00,0.147
2025-03-28 17:45:00,0.129
2025-03-28 17:50:00,0.130
2025-03-28 17:55:00,0.128
2025-03-28 18:00:00,0.127
2025-03-28 18:05:00,0.174
2025-03-28 18:10:00,0.161
2025-03-28 18:15:00,0.160
2025-03-28 18:20:00,0.136
2025-03-28 18:25:00,0.128
2025-03-28 18:30:00,0.130
2025-03-28 18:35:00,0.127
2025-03-28 18:40:00,0.155
2025-03-28 18:45:00,0.162
2025-03-28 18:50:00,0.160
2025-03-28 18:55:00,0.142
2025-03-28 19:00:00,0.127
2025-03-28 19:05:00,0.127
2025-03-28 19:10:00,0.129
2025-03-28 19:15:00,0.143
2025-03-28 19:20:00,0.159
2025-03-28 19:25:00,0.170
2025-03-28 19:30:00,0.159
2025-03-28 19:35:00,0.139
2025-03-28 19:40:00,0.145
2025-03-28 19:45:00,0.150
2025-03-28 19:50:00,0.133
2025-03-28 19:55:00,0.155
2025-03-28 20:00:00,0.162
2025-03-28 20:05:00,0.0599
2025-03-28 20:10:00,0.0294
2025-03-28 20:15:00,0.0263
2025-03-28 20:20:00,0.0238
2025-03-28 20:25:00,0.0214
2025-03-28 20:30:00,0.0431
2025-03-28 20:35:00,0.0564
2025-03-28 20:40:00,0.0567
2025-03-28 20:45:00,0.0305
2025-03-28 20:50:00,0.0247
2025-03-28 20:55:00,0.0255
2025-03-28 21:00:00,0.0227
2025-03-28 21:05:00,0.0498
2025-03-28 21:10:00,0.0563
2025-03-28 21:15:00,0.0518
2025-03-28 21:20:00,0.0254
2025-03-28 21:25:00,0.0230
2025-03-28 21:30:00,0.0249
2025-03-28 21:35:00,0.0259
2025-03-28 21:40:00,0.0894
2025-03-28 21:45:00,0.0715
2025-03-28 21:50:00,0.0698
2025-03-28 21:55:00,0.0318
2025-03-28 22:00:00,0.0335
2025-03-28 22:05:00,0.0221
2025-03-28 22:10:00,0.0242
2025-03-28 22:15:00,0.0523
2025-03-28 22:20:00,0.0566
2025-03-28 22:25:00,0.0481
2025-03-28 22:30:00,0.0234
2025-03-28 22:35:00,0.0230
2025-03-28 22:40:00,0.0232
2025-03-28 22:45:00,0.0285
2025-03-28 22:50:00,0.0581
2025-03-28 22:55:00,0.0559
2025-03-28 23:00:00,0.0494
2025-03-28 23:05:00,0.107
2025-03-28 23:10:00,0.0277
2025-03-28 23:15:00,0.0291
2025-03-28 23:20:00,0.0307
2025-03-28 23:25:00,0.0261
2025-03-28 23:30:00,0.0420
2025-03-28 23:35:00,0.0666
2025-03-28 23:40:00,0.0629
2025-03-28 23:45:00,0.0638
2025-03-28 23:50:00,0.0504
2025-03-28 23:55:00,0.0270
2025-03-29 00:00:00,0.0267
2025-03-29 00:05:00,0.0295
2025-03-29 00:10:00,0.0292
2025-03-29 00:15:00,0.0426
2025-03-29 00:20:00,0.0604
2025-03-29 00:25:00,0.0585
2025-03-29 00:30:00,0.0385
2025-03-29 00:35:00,0.0251
2025-03-29 00:40:00,0.0254
2025-03-29 00:45:00,0.0252
2025-03-29 00:50:00,0.0450
2025-03-29 00:55:00,0.0657
2025-03-29 01:00:00,0.0574
2025-03-29 01:05:00,0.0309
2025-03-29 01:10:00,0.0248
2025-03-29 01:15:00,0.0253
2025-03-29 01:20:00,0.0267
2025-03-29 01:25:00,0.0488
2025-03-29 01:30:00,0.0565
2025-03-29 01:35:00,0.0520
2025-03-29 01:40:00,0.0273
2025-03-29 01:45:00,0.0219
2025-03-29 01:50:00,0.0239
2025-03-29 01:55:00,0.0239
2025-03-29 02:00:00,0.0559
2025-03-29 02:05:00,0.0568
2025-03-29 02:10:00,0.0448
2025-03-29 02:15:00,0.0236
2025-03-29 02:20:00,0.0241
2025-03-29 02:25:00,0.0313
2025-03-29 02:30:00,0.0358
2025-03-29 02:35:00,0.0569
2025-03-29 02:40:00,0.0539
2025-03-29 02:45:00,0.0308
2025-03-29 02:50:00,0.0234
2025-03-29 02:55:00,0.0206
2025-03-29 03:00:00,0.0227
2025-03-29 03:05:00,0.0470
2025-03-29 03:10:00,0.0555
2025-03-29 03:15:00,0.0558
2025-03-29 03:20:00,0.0268
2025-03-29 03:25:00,0.0228
2025-03-29 03:30:00,0.0230
2025-03-29 03:35:00,0.0307
2025-03-29 03:40:00,0.0564
2025-03-29 03:45:00,0.0539
2025-03-29 03:50:00,0.0436
2025-03-29 03:55:00,0.0207
2025-03-29 04:00:00,0.0204
2025-03-29 04:05:00,0.0441
2025-03-29 04:10:00,0.0364
2025-03-29 04:15:00,0.0534
2025-03-29 04:20:00,0.0561
2025-03-29 04:25:00,0.0331
2025-03-29 04:30:00,0.0227
2025-03-29 04:35:00,0.0215
2025-03-29 04:40:00,0.0296
2025-03-29 04:45:00,0.0523
2025-03-29 04:50:00,0.0571
2025-03-29 04:55:00,0.0448
2025-03-29 05:00:00,0.0216
2025-03-29 05:05:00,0.0217
2025-03-29 05:10:00,0.0232
2025-03-29 05:15:00,0.0436
2025-03-29 05:20:00,0.0548
2025-03-29 05:25:00,0.0536
2025-03-29 05:30:00,0.0320
2025-03-29 05:35:00,0.0237
2025-03-29 05:40:00,0.0203
2025-03-29 05:45:00,0.0297
2025-03-29 05:50:00,0.0508
2025-03-29 05:55:00,0.0550
2025-03-29 06:00:00,0.0505
2025-03-29 06:05:00,0.0234
2025-03-29 06:10:00,0.0224
2025-03-29 06:15:00,0.0220
2025-03-29 06:20:00,0.0298
2025-03-29 06:25:00,0.0530
2025-03-29 06:30:00,0.0596
2025-03-29 06:35:00,0.0423
2025-03-29 06:40:00,0.0215
2025-03-29 06:45:00,0.0207
2025-03-29 06:50:00,0.0248
2025-03-29 06:55:00,0.0443
2025-03-29 07:00:00,0.0566
2025-03-29 07:05:00,0.0555
2025-03-29 07:10:00,0.0315
2025-03-29 07:15:00,0.0218
2025-03-29 07:20:00,0.0223
2025-03-29 07:25:00,0.0194
2025-03-29 07:30:00,0.0463
2025-03-29 07:35:00,0.0555
2025-03-29 07:40:00,0.0456
2025-03-29 07:45:00,0.0219
2025-03-29 07:50:00,0.0254
2025-03-29 07:55:00,0.0197
2025-03-29 08:00:00,0.0332
2025-03-29 08:05:00,0.0530
2025-03-29 08:10:00,0.0523
2025-03-29 08:15:00,0.0647
2025-03-29 08:20:00,0.0236
2025-03-29 08:25:00,0.0210
2025-03-29 08:30:00,0.0230
2025-03-29 08:35:00,0.0497
2025-03-29 08:40:00,0.0559
2025-03-29 08:45:00,0.0491
2025-03-29 08:50:00,0.0236
2025-03-29 08:55:00,0.0234
2025-03-29 09:00:00,0.0229
2025-03-29 09:05:00,0.0352
2025-03-29 09:10:00,0.0912
2025-03-29 09:15:00,0.0549
2025-03-29 09:20:00,0.0411
2025-03-29 09:25:00,0.0232
2025-03-29 09:30:00,0.0220
2025-03-29 09:35:00,0.0218
2025-03-29 09:40:00,0.0431
2025-03-29 09:45:00,0.0604
2025-03-29 09:50:00,0.0570
2025-03-29 09:55:00,0.0302
2025-03-29 10:00:00,0.0228
2025-03-29 10:05:00,0.0239
2025-03-29 10:10:00,0.0230
2025-03-29 10:15:00,0.0498
2025-03-29 10:20:00,0.156
2025-03-29 10:25:00,0.0600
2025-03-29 10:30:00,0.0331
2025-03-29 10:35:00,0.0355
2025-03-29 10:40:00,0.0326
2025-03-29 10:45:00,0.0466
2025-03-29 10:50:00,0.0496
2025-03-29 10:55:00,0.0544
2025-03-29 11:00:00,0.0498
2025-03-29 11:05:00,0.0249
2025-03-29 11:10:00,0.0241
2025-03-29 11:15:00,0.0216
2025-03-29 11:20:00,0.0334
2025-03-29 11:25:00,0.0575
2025-03-29 11:30:00,0.0549
2025-03-29 11:35:00,0.0407
2025-03-29 11:40:00,0.0232
2025-03-29 11:45:00,0.0217
2025-03-29 11:50:00,0.0230
2025-03-29 11:55:00,0.0417
2025-03-29 12:00:00,0.0555
2025-03-29 12:05:00,0.0533
2025-03-29 12:10:00,0.0246
2025-03-29 12:15:00,0.0225
2025-03-29 12:20:00,0.0224
2025-03-29 12:25:00,0.0256
2025-03-29 12:30:00,0.0537
2025-03-29 12:35:00,0.0559
2025-03-29 12:40:00,0.0417
2025-03-29 12:45:00,0.0227
2025-03-29 12:50:00,0.0231
2025-03-29 12:55:00,0.0219
2025-03-29 13:00:00,0.0406
2025-03-29 13:05:00,0.0543
2025-03-29 13:10:00,0.0564
2025-03-29 13:15:00,0.0273
2025-03-29 13:20:00,0.0241
2025-03-29 13:25:00,0.0236
2025-03-29 13:30:00,0.0241
2025-03-29 13:35:00,0.0539
2025-03-29 13:40:00,0.0557
2025-03-29 13:45:00,0.0457
2025-03-29 13:50:00,0.0226
2025-03-29 13:55:00,0.0235
2025-03-29 14:00:00,0.0221
2025-03-29 14:05:00,0.0504
2025-03-29 14:10:00,0.0561
2025-03-29 14:15:00,0.0542
2025-03-29 14:20:00,0.0426
2025-03-29 14:25:00,0.0233
2025-03-29 14:30:00,0.0228
2025-03-29 14:35:00,0.0229
2025-03-29 14:40:00,0.0386
2025-03-29 14:45:00,0.0556
2025-03-29 14:50:00,0.0629
2025-03-29 14:55:00,0.0350
2025-03-29 15:00:00,0.0231
2025-03-29 15:05:00,0.0238
2025-03-29 15:10:00,0.0217
2025-03-29 15:15:00,0.0470
2025-03-29 15:20:00,0.0553
2025-03-29 15:25:00,0.0767
2025-03-29 15:30:00,0.0248
2025-03-29 15:35:00,0.0238
2025-03-29 15:40:00,0.0230
2025-03-29 15:45:00,0.0256
2025-03-29 15:50:00,0.0549
2025-03-29 15:55:00,0.0555
2025-03-29 16:00:00,0.0475
2025-03-29 16:05:00,0.0235
2025-03-29 16:10:00,0.0218
2025-03-29 16:15:00,0.0224
2025-03-29 16:20:00,0.0316
2025-03-29 16:25:00,0.0554
2025-03-29 16:30:00,0.0579
2025-03-29 16:35:00,0.0404
2025-03-29 16:40:00,0.0221
2025-03-29 16:45:00,0.0224
2025-03-29 16:50:00,0.0262
2025-03-29 16:55:00,0.0381
2025-03-29 17:00:00,0.0550
2025-03-29 17:05:00,0.0543
2025-03-29 17:10:00,0.0544
2025-03-29 17:15:00,0.0227
2025-03-29 17:20:00,0.0230
2025-03-29 17:25:00,0.0221
2025-03-29 17:30:00,0.0487
2025-03-29 17:35:00,0.0564
2025-03-29 17:40:00,0.0545
2025-03-29 17:45:00,0.0278
2025-03-29 17:50:00,0.0249
2025-03-29 17:55:00,0.0298
2025-03-29 18:00:00,0.0298
2025-03-29 18:05:00,0.0560
2025-03-29 18:10:00,0.0577
2025-03-29 18:15:00,0.0687
2025-03-29 18:20:00,0.0262
2025-03-29 18:25:00,0.0249
2025-03-29 18:30:00,0.0241
2025-03-29 18:35:00,0.0298
2025-03-29 18:40:00,0.0576
2025-03-29 18:45:00,0.0568
2025-03-29 18:50:00,0.106
2025-03-29 18:55:00,0.0234
2025-03-29 19:00:00,0.0260
2025-03-29 19:05:00,0.0276
2025-03-29 19:10:00,0.0341
2025-03-29 19:15:00,0.0595
2025-03-29 19:20:00,0.0567
2025-03-29 19:25:00,0.0467
2025-03-29 19:30:00,0.0251
2025-03-29 19:35:00,0.0257
2025-03-29 19:40:00,0.0248
2025-03-29 19:45:00,0.0490
2025-03-29 19:50:00,0.0580
2025-03-29 19:55:00,0.0511
2025-03-29 20:00:00,0.0216
2025-03-29 20:05:00,0.0232
2025-03-29 20:10:00,0.0219
2025-03-29 20:15:00,0.0318
2025-03-29 20:20:00,0.0562
2025-03-29 20:25:00,0.0537
2025-03-29 20:30:00,0.0379
2025-03-29 20:35:00,0.0708
2025-03-29 20:40:00,0.0218
2025-03-29 20:45:00,0.0216
2025-03-29 20:50:00,0.0431
2025-03-29 20:55:00,0.0533
2025-03-29 21:00:00,0.0550
2025-03-29 21:05:00,0.0283
2025-03-29 21:10:00,0.0229
2025-03-29 21:15:00,0.0224
2025-03-29 21:20:00,0.0216
2025-03-29 21:25:00,0.0510
2025-03-29 21:30:00,0.0550
2025-03-29 21:35:00,0.0467
2025-03-29 21:40:00,0.0680
2025-03-29 21:45:00,0.0209
2025-03-29 21:50:00,0.0235
2025-03-29 21:55:00,0.0326
2025-03-29 22:00:00,0.0550
2025-03-29 22:05:00,0.0562
2025-03-29 22:10:00,0.0464
2025-03-29 22:15:00,0.0222
2025-03-29 22:20:00,0.0236
2025-03-29 22:25:00,0.0232
2025-03-29 22:30:00,0.0416
2025-03-29 22:35:00,0.0594
2025-03-29 22:40:00,0.0555
2025-03-29 22:45:00,0.0299
2025-03-29 22:50:00,0.0242
2025-03-29 22:55:00,0.0212
2025-03-29 23:00:00,0.0225
2025-03-29 23:05:00,0.0510
2025-03-29 23:10:00,0.0565
2025-03-29 23:15:00,0.0541
2025-03-29 23:20:00,0.0238
2025-03-29 23:25:00,0.0237
2025-03-29 23:30:00,0.0239
2025-03-29 23:35:00,0.0270
2025-03-29 23:40:00,0.0549
2025-03-29 23:45:00,0.0549
2025-03-29 23:50:00,0.0487
2025-03-29 23:55:00,0.0455
2025-03-30 00:00:00,0.0218
2025-03-30 00:05:00,0.0222
2025-03-30 00:10:00,0.0319
2025-03-30 00:15:00,0.0976
2025-03-30 00:20:00,0.0659
2025-03-30 00:25:00,0.0474
2025-03-30 00:30:00,0.0291
2025-03-30 00:35:00,0.0326
2025-03-30 00:40:00,0.0218
2025-03-30 00:45:00,0.0424
2025-03-30 00:50:00,0.0596
2025-03-30 00:55:00,0.0548
2025-03-30 01:00:00,0.0259
2025-03-30 01:05:00,0.0260
2025-03-30 01:10:00,0.0223
2025-03-30 01:15:00,0.0244
2025-03-30 01:20:00,0.0533
2025-03-30 01:25:00,0.0534
2025-03-30 01:30:00,0.0506
2025-03-30 01:35:00,0.0224
2025-03-30 01:40:00,0.0228
2025-03-30 01:45:00,0.0209
2025-03-30 01:50:00,0.0321
2025-03-30 01:55:00,0.0555
2025-03-30 02:00:00,0.0550
2025-03-30 02:05:00,0.0970
2025-03-30 02:10:00,0.0215
2025-03-30 02:15:00,0.0224
2025-03-30 02:20:00,0.0233
2025-03-30 02:25:00,0.0320
2025-03-30 02:30:00,0.0551
2025-03-30 02:35:00,0.0552
2025-03-30 02:40:00,0.0572
2025-03-30 02:45:00,0.0229
2025-03-30 02:50:00,0.0229
2025-03-30 02:55:00,0.0219
2025-03-30 04:00:00,0.0423
2025-03-30 04:05:00,0.0542
2025-03-30 04:10:00,0.0551
2025-03-30 04:15:00,0.0265
2025-03-30 04:20:00,0.0249
2025-03-30 04:25:00,0.0211
2025-03-30 04:30:00,0.0234
2025-03-30 04:35:00,0.0531
2025-03-30 04:40:00,0.0538
2025-03-30 04:45:00,0.0465
2025-03-30 04:50:00,0.0265
2025-03-30 04:55:00,0.0238
2025-03-30 05:00:00,0.0217
2025-03-30 05:05:00,0.0356
2025-03-30 05:10:00,0.0562
2025-03-30 05:15:00,0.0532
2025-03-30 05:20:00,0.0347
2025-03-30 05:25:00,0.0326
2025-03-30 05:30:00,0.0218
2025-03-30 05:35:00,0.0253
2025-03-30 05:40:00,0.0479
2025-03-30 05:45:00,0.0540
2025-03-30 05:50:00,0.0514
2025-03-30 05:55:00,0.0218
2025-03-30 06:00:00,0.0256
2025-03-30 06:05:00,0.0240
2025-03-30 06:10:00,0.0301
2025-03-30 06:15:00,0.0538
2025-03-30 06:20:00,0.0561
2025-03-30 06:25:00,0.0409
2025-03-30 06:30:00,0.0214
2025-03-30 06:35:00,0.0226
2025-03-30 06:40:00,0.0216
2025-03-30 06:45:00,0.0382
2025-03-30 06:50:00,0.0564
2025-03-30 06:55:00,0.0557
2025-03-30 07:00:00,0.0343
2025-03-30 07:05:00,0.0224
2025-03-30 07:10:00,0.0232
2025-03-30 07:15:00,0.0220
2025-03-30 07:20:00,0.0463
2025-03-30 07:25:00,0.0539
2025-03-30 07:30:00,0.0515
2025-03-30 07:35:00,0.0235
2025-03-30 07:40:00,0.0212
2025-03-30 07:45:00,0.0214
2025-03-30 07:50:00,0.0273
2025-03-30 07:55:00,0.0530
2025-03-30 08:00:00,0.0549
2025-03-30 08:05:00,0.0411
2025-03-30 08:10:00,0.0200
2025-03-30 08:15:00,0.0210
2025-03-30 08:20:00,0.0210
2025-03-30 08:25:00,0.0370
2025-03-30 08:30:00,0.0568
2025-03-30 08:35:00,0.0530
2025-03-30 08:40:00,0.0267
2025-03-30 08:45:00,0.0223
2025-03-30 08:50:00,0.0214
2025-03-30 08:55:00,0.0252
2025-03-30 09:00:00,0.0565
2025-03-30 09:05:00,0.0569
2025-03-30 09:10:00,0.0472
2025-03-30 09:15:00,0.0230
2025-03-30 09:20:00,0.0234
2025-03-30 09:25:00,0.0225
2025-03-30 09:30:00,0.0299
2025-03-30 09:35:00,0.0555
2025-03-30 09:40:00,0.0547
2025-03-30 09:45:00,0.0419
2025-03-30 09:50:00,0.0228
2025-03-30 09:55:00,0.0723
2025-03-30 10:00:00,0.0213
2025-03-30 10:05:00,0.0382
2025-03-30 10:10:00,0.0573
2025-03-30 10:15:00,0.0557
2025-03-30 10:20:00,0.0419
2025-03-30 10:25:00,0.0228
2025-03-30 10:30:00,0.0239
2025-03-30 10:35:00,0.0243
2025-03-30 10:40:00,0.0443
2025-03-30 10:45:00,0.0561
2025-03-30 10:50:00,0.0564
2025-03-30 10:55:00,0.0300
2025-03-30 11:00:00,0.0219
2025-03-30 11:05:00,0.0412
2025-03-30 11:10:00,0.0241
2025-03-30 11:15:00,0.0536
2025-03-30 11:20:00,0.0552
2025-03-30 11:25:00,0.0469
2025-03-30 11:30:00,0.0249
2025-03-30 11:35:00,0.0273
2025-03-30 11:40:00,0.0245
2025-03-30 11:45:00,0.0389
2025-03-30 11:50:00,0.0555
2025-03-30 11:55:00,0.0546
2025-03-30 12:00:00,0.0316
2025-03-30 12:05:00,0.0235
2025-03-30 12:10:00,0.0227
2025-03-30 12:15:00,0.0262
2025-03-30 12:20:00,0.0551
2025-03-30 12:25:00,0.0554
2025-03-30 12:30:00,0.0468
2025-03-30 12:35:00,0.0223
2025-03-30 12:40:00,0.0233
2025-03-30 12:45:00,0.0229
2025-03-30 12:50:00,0.0385
2025-03-30 12:55:00,0.0546
2025-03-30 13:00:00,0.0554
2025-03-30 13:05:00,0.0328
2025-03-30 13:10:00,0.0217
2025-03-30 13:15:00,0.0214
2025-03-30 13:20:00,0.0220
2025-03-30 13:25:00,0.0472
2025-03-30 13:30:00,0.0569
2025-03-30 13:35:00,0.0550
2025-03-30 13:40:00,0.0265
2025-03-30 13:45:00,0.0228
2025-03-30 13:50:00,0.0244
2025-03-30 13:55:00,0.0298
2025-03-30 14:00:00,0.0597
2025-03-30 14:05:00,0.0572
2025-03-30 14:10:00,0.0448
2025-03-30 14:15:00,0.0238
2025-03-30 14:20:00,0.0262
2025-03-30 14:25:00,0.0277
2025-03-30 14:30:00,0.0410
2025-03-30 14:35:00,0.0577
2025-03-30 14:40:00,0.0591
2025-03-30 14:45:00,0.0761
2025-03-30 14:50:00,0.0322
2025-03-30 14:55:00,0.0322
2025-03-30 15:00:00,0.0384
2025-03-30 15:05:00,0.0579
2025-03-30 15:10:00,0.0729
2025-03-30 15:15:00,0.0551
2025-03-30 15:20:00,0.0304
2025-03-30 15:25:00,0.0201
2025-03-30 15:30:00,0.0217
2025-03-30 15:35:00,0.0262
2025-03-30 15:40:00,0.0565
2025-03-30 15:45:00,0.0573
2025-03-30 15:50:00,0.0457
2025-03-30 15:55:00,0.0209
2025-03-30 16:00:00,0.0210
2025-03-30 16:05:00,0.0227
2025-03-30 16:10:00,0.0815
2025-03-30 16:15:00,0.0568
2025-03-30 16:20:00,0.0576
2025-03-30 16:25:00,0.0394
2025-03-30 16:30:00,0.0224
2025-03-30 16:35:00,0.0215
2025-03-30 16:40:00,0.0222
2025-03-30 16:45:00,0.0467
2025-03-30 16:50:00,0.0560
2025-03-30 16:55:00,0.0518
2025-03-30 17:00:00,0.0255
2025-03-30 17:05:00,0.0220
2025-03-30 17:10:00,0.0214
2025-03-30 17:15:00,0.0222
2025-03-30 17:20:00,0.0542
2025-03-30 17:25:00,0.0528
2025-03-30 17:30:00,0.0432
2025-03-30 17:35:00,0.0229
2025-03-30 17:40:00,0.0225
2025-03-30 17:45:00,0.0218
2025-03-30 17:50:00,0.0368
2025-03-30 17:55:00,0.0554
2025-03-30 18:00:00,0.0551
2025-03-30 18:05:00,0.0356
2025-03-30 18:10:00,0.0215
2025-03-30 18:15:00,0.0208
2025-03-30 18:20:00,0.0467
2025-03-30 18:25:00,0.0529
2025-03-30 18:30:00,0.0552
2025-03-30 18:35:00,0.0542
2025-03-30 18:40:00,0.0265
2025-03-30 18:45:00,0.0227
2025-03-30 18:50:00,0.0236
2025-03-30 18:55:00,0.0892
2025-03-30 19:00:00,0.0554
2025-03-30 19:05:00,0.0559
2025-03-30 19:10:00,0.0436
2025-03-30 19:15:00,0.0207
2025-03-30 19:20:00,0.0227
2025-03-30 19:25:00,0.0215
2025-03-30 19:30:00,0.0587
2025-03-30 19:35:00,0.0560
2025-03-30 19:40:00,0.0553
2025-03-30 19:45:00,0.0318
2025-03-30 19:50:00,0.0234
2025-03-30 19:55:00,0.0201
2025-03-30 20:00:00,0.0241
2025-03-30 20:05:00,0.0507
2025-03-30 20:10:00,0.0556
2025-03-30 20:15:00,0.0489
2025-03-30 20:20:00,0.0246
2025-03-30 20:25:00,0.0305
2025-03-30 20:30:00,0.0235
2025-03-30 20:35:00,0.0282
2025-03-30 20:40:00,0.0577
2025-03-30 20:45:00,0.0576
2025-03-30 20:50:00,0.0506
2025-03-30 20:55:00,0.0218
2025-03-30 21:00:00,0.0215
2025-03-30 21:05:00,0.0223
2025-03-30 21:10:00,0.0282
2025-03-30 21:15:00,0.0553
2025-03-30 21:20:00,0.0568
2025-03-30 21:25:00,0.0429
2025-03-30 21:30:00,0.0255
2025-03-30 21:35:00,0.0230
2025-03-30 21:40:00,0.0213
2025-03-30 21:45:00,0.0346
2025-03-30 21:50:00,0.0596
2025-03-30 21:55:00,0.0801
2025-03-30 22:00:00,0.0405
2025-03-30 22:05:00,0.0220
2025-03-30 22:10:00,0.0222
2025-03-30 22:15:00,0.0216
2025-03-30 22:20:00,0.0748
2025-03-30 22:25:00,0.0559
2025-03-30 22:30:00,0.0530
2025-03-30 22:35:00,0.0421
2025-03-30 22:40:00,0.0231
2025-03-30 22:45:00,0.0231
2025-03-30 22:50:00,0.0233
2025-03-30 22:55:00,0.0369
2025-03-30 23:00:00,0.0563
2025-03-30 23:05:00,0.0554
2025-03-30 23:10:00,0.0390
2025-03-30 23:15:00,0.0260
2025-03-30 23:20:00,0.0256
2025-03-30 23:25:00,0.0213
2025-03-30 23:30:00,0.0290
2025-03-30 23:35:00,0.0545
2025-03-30 23:40:00,0.0539
2025-03-30 23:45:00,0.0477
2025-03-30 23:50:00,0.0250
2025-03-30 23:55:00,0.0238
2025-03-31 00:00:00,0.0707
2025-03-31 00:05:00,0.0284
2025-03-31 00:10:00,0.0531
2025-03-31 00:15:00,0.0552
2025-03-31 00:20:00,0.0502
2025-03-31 00:25:00,0.0225
2025-03-31 00:30:00,0.0222
2025-03-31 00:35:00,0.0245
2025-03-31 00:40:00,0.0301
2025-03-31 00:45:00,0.0572
2025-03-31 00:50:00,0.0574
2025-03-31 00:55:00,0.0434
2025-03-31 01:00:00,0.0250
2025-03-31 01:05:00,0.0223
2025-03-31 01:10:00,0.0225
2025-03-31 01:15:00,0.0354
2025-03-31 01:20:00,0.0578
2025-03-31 01:25:00,0.0540
2025-03-31 01:30:00,0.0394
2025-03-31 01:35:00,0.0222
2025-03-31 01:40:00,0.0226
2025-03-31 01:45:00,0.0240
2025-03-31 01:50:00,0.0439
2025-03-31 01:55:00,0.0544
2025-03-31 02:00:00,0.0575
2025-03-31 02:05:00,0.0312
2025-03-31 02:10:00,0.0515
2025-03-31 02:15:00,0.0448
2025-03-31 02:20:00,0.0253
2025-03-31 02:25:00,0.0427
2025-03-31 02:30:00,0.0544
2025-03-31 02:35:00,0.0544
2025-03-31 02:40:00,0.0268
2025-03-31 02:45:00,0.0261
2025-03-31 02:50:00,0.0235
2025-03-31 02:55:00,0.0213
2025-03-31 03:00:00,0.0498
2025-03-31 03:05:00,0.0569
2025-03-31 03:10:00,0.0497
2025-03-31 03:15:00,0.0220
2025-03-31 03:20:00,0.0231
2025-03-31 03:25:00,0.0218
2025-03-31 03:30:00,0.0340
2025-03-31 03:35:00,0.127
2025-03-31 03:40:00,0.0549
2025-03-31 03:45:00,0.0461
2025-03-31 03:50:00,0.0231
2025-03-31 03:55:00,0.0239
2025-03-31 04:00:00,0.0216
2025-03-31 04:05:00,0.0324
2025-03-31 04:10:00,0.0550
2025-03-31 04:15:00,0.0551
2025-03-31 04:20:00,0.0380
2025-03-31 04:25:00,0.0334
2025-03-31 04:30:00,0.0231
2025-03-31 04:35:00,0.0227
2025-03-31 04:40:00,0.0566
2025-03-31 04:45:00,0.0554
2025-03-31 04:50:00,0.0566
2025-03-31 04:55:00,0.0367
2025-03-31 05:00:00,0.0360
2025-03-31 05:05:00,0.0565
2025-03-31 05:10:00,0.0319
2025-03-31 05:15:00,0.0803
2025-03-31 05:20:00,0.0541
2025-03-31 05:25:00,0.0514
2025-03-31 05:30:00,0.0229
2025-03-31 05:35:00,0.0218
2025-03-31 05:40:00,0.0845
2025-03-31 05:45:00,0.0313
2025-03-31 05:50:00,0.0560
2025-03-31 05:55:00,0.0539
2025-03-31 06:00:00,0.0384
2025-03-31 06:05:00,0.0239
2025-03-31 06:10:00,0.0211
2025-03-31 06:15:00,0.0225
2025-03-31 06:20:00,0.0437
2025-03-31 06:25:00,0.0543
2025-03-31 06:30:00,0.0556
2025-03-31 06:35:00,0.0327
2025-03-31 06:40:00,0.0309
2025-03-31 06:45:00,0.0238
2025-03-31 06:50:00,0.0246
2025-03-31 06:55:00,0.0483
2025-03-31 07:00:00,0.0542
2025-03-31 07:05:00,0.0497
2025-03-31 07:10:00,0.0222
2025-03-31 07:15:00,0.0234
2025-03-31 07:20:00,0.0842
2025-03-31 07:25:00,0.0290
2025-03-31 07:30:00,0.0553
2025-03-31 07:35:00,0.0534
2025-03-31 07:40:00,0.0412
2025-03-31 07:45:00,0.0528
2025-03-31 07:50:00,0.0240
2025-03-31 07:55:00,0.0263
2025-03-31 08:00:00,0.0389
2025-03-31 08:05:00,0.164
2025-03-31 08:10:00,0.161
2025-03-31 08:15:00,0.144
2025-03-31 08:20:00,0.129
2025-03-31 08:25:00,0.127
2025-03-31 08:30:00,0.132
2025-03-31 08:35:00,0.149
2025-03-31 08:40:00,0.160
2025-03-31 08:45:00,0.161
2025-03-31 08:50:00,0.138
2025-03-31 08:55:00,0.130
2025-03-31 09:00:00,0.128
2025-03-31 09:05:00,0.128
2025-03-31 09:10:00,0.143
2025-03-31 09:15:00,0.160
2025-03-31 09:20:00,0.160
2025-03-31 09:25:00,0.146
2025-03-31 09:30:00,0.127
2025-03-31 09:35:00,0.128
2025-03-31 09:40:00,0.129
2025-03-31 09:45:00,0.142
2025-03-31 09:50:00,0.159
2025-03-31 09:55:00,0.163
2025-03-31 10:00:00,0.154
2025-03-31 10:05:00,0.128
2025-03-31 10:10:00,0.124
2025-03-31 10:15:00,0.126
2025-03-31 10:20:00,0.128
2025-03-31 10:25:00,0.154
2025-03-31 10:30:00,0.157
2025-03-31 10:35:00,0.152
2025-03-31 10:40:00,0.125
2025-03-31 10:45:00,0.131
2025-03-31 10:50:00,0.127
2025-03-31 10:55:00,0.132
2025-03-31 11:00:00,0.158
2025-03-31 11:05:00,0.159
2025-03-31 11:10:00,0.152
2025-03-31 11:15:00,0.124
2025-03-31 11:20:00,0.125
2025-03-31 11:25:00,0.126
2025-03-31 11:30:00,0.134
2025-03-31 11:35:00,0.160
2025-03-31 11:40:00,0.156
2025-03-31 11:45:00,0.146
2025-03-31 11:50:00,0.173
2025-03-31 11:55:00,0.125
2025-03-31 12:00:00,0.123
2025-03-31 12:05:00,0.137
2025-03-31 12:10:00,0.158
2025-03-31 12:15:00,0.157
2025-03-31 12:20:00,0.142
2025-03-31 12:25:00,0.123
2025-03-31 12:30:00,0.127
2025-03-31 12:35:00,0.127
2025-03-31 12:40:00,0.145
2025-03-31 12:45:00,0.156
2025-03-31 12:50:00,0.157
2025-03-31 12:55:00,0.159
2025-03-31 13:00:00,0.132
2025-03-31 13:05:00,0.129
2025-03-31 13:10:00,0.127
2025-03-31 13:15:00,0.155
2025-03-31 13:20:00,0.164
2025-03-31 13:25:00,0.157
2025-03-31 13:30:00,0.127
2025-03-31 13:35:00,0.128
2025-03-31 13:40:00,0.129
2025-03-31 13:45:00,0.131
2025-03-31 13:50:00,0.160
2025-03-31 13:55:00,0.158
2025-03-31 14:00:00,0.149
2025-03-31 14:05:00,0.127
2025-03-31 14:10:00,0.124
2025-03-31 14:15:00,0.130
2025-03-31 14:20:00,0.134
2025-03-31 14:25:00,0.321
2025-03-31 14:30:00,0.160
2025-03-31 14:35:00,0.152
2025-03-31 14:40:00,0.130
2025-03-31 14:45:00,0.210
2025-03-31 14:50:00,0.127
2025-03-31 14:55:00,0.127
2025-03-31 15:00:00,0.157
2025-03-31 15:05:00,0.158
2025-03-31 15:10:00,0.151
2025-03-31 15:15:00,0.124
2025-03-31 15:20:00,0.127
2025-03-31 15:25:00,0.123
2025-03-31 15:30:00,0.129
2025-03-31 15:35:00,0.158
2025-03-31 15:40:00,0.158
2025-03-31 15:45:00,0.148
2025-03-31 15:50:00,0.125
2025-03-31 15:55:00,0.126
2025-03-31 16:00:00,0.125
2025-03-31 16:05:00,0.131
2025-03-31 16:10:00,0.156
2025-03-31 16:15:00,0.159
2025-03-31 16:20:00,0.152
2025-03-31 16:25:00,0.126
2025-03-31 16:30:00,0.126
2025-03-31 16:35:00,0.128
2025-03-31 16:40:00,0.138
2025-03-31 16:45:00,0.159
2025-03-31 16:50:00,0.157
2025-03-31 16:55:00,0.141
2025-03-31 17:00:00,0.125
2025-03-31 17:05:00,0.127
2025-03-31 17:10:00,0.124
2025-03-31 17:15:00,0.146
2025-03-31 17:20:00,0.163
2025-03-31 17:25:00,0.228
2025-03-31 17:30:00,0.153
2025-03-31 17:35:00,0.143
2025-03-31 17:40:00,0.137
2025-03-31 17:45:00,0.137
2025-03-31 17:50:00,0.143
2025-03-31 17:55:00,0.158
2025-03-31 18:00:00,0.164
2025-03-31 18:05:00,0.135
2025-03-31 18:10:00,0.126
2025-03-31 18:15:00,0.128
2025-03-31 18:20:00,0.127
2025-03-31 18:25:00,0.148
2025-03-31 18:30:00,0.158
2025-03-31 18:35:00,0.163
2025-03-31 18:40:00,0.136
2025-03-31 18:45:00,0.130
2025-03-31 18:50:00,0.130
2025-03-31 18:55:00,0.127
2025-03-31 19:00:00,0.143
2025-03-31 19:05:00,0.163
2025-03-31 19:10:00,0.155
2025-03-31 19:15:00,0.146
2025-03-31 19:20:00,0.124
2025-03-31 19:25:00,0.127
2025-03-31 19:30:00,0.127
2025-03-31 19:35:00,0.138
2025-03-31 19:40:00,0.162
2025-03-31 19:45:00,0.161
2025-03-31 19:50:00,0.150
2025-03-31 19:55:00,0.138
2025-03-31 20:00:00,0.127
2025-03-31 20:05:00,0.0229
2025-03-31 20:10:00,0.0383
2025-03-31 20:15:00,0.0530
2025-03-31 20:20:00,0.0546
2025-03-31 20:25:00,0.0398
2025-03-31 20:30:00,0.0238
2025-03-31 20:35:00,0.0232
2025-03-31 20:40:00,0.0218
2025-03-31 20:45:00,0.0430
2025-03-31 20:50:00,0.0555
2025-03-31 20:55:00,0.0631
2025-03-31 21:00:00,0.0278
2025-03-31 21:05:00,0.0223
2025-03-31 21:10:00,0.0197
2025-03-31 21:15:00,0.0251
2025-03-31 21:20:00,0.0754
2025-03-31 21:25:00,0.0544
2025-03-31 21:30:00,0.0466
2025-03-31 21:35:00,0.0226
2025-03-31 21:40:00,0.0202
2025-03-31 21:45:00,0.0240
2025-03-31 21:50:00,0.0357
2025-03-31 21:55:00,0.0636
2025-03-31 22:00:00,0.0563
2025-03-31 22:05:00,0.0356
2025-03-31 22:10:00,0.0227
2025-03-31 22:15:00,0.0229
2025-03-31 22:20:00,0.0223
2025-03-31 22:25:00,0.0506
2025-03-31 22:30:00,0.0534
2025-03-31 22:35:00,0.0554
2025-03-31 22:40:00,0.0310
2025-03-31 22:45:00,0.0216
2025-03-31 22:50:00,0.0242
2025-03-31 22:55:00,0.0204
2025-03-31 23:00:00,0.0511
2025-03-31 23:05:00,0.0590
2025-03-31 23:10:00,0.0538
2025-03-31 23:15:00,0.0259
2025-03-31 23:20:00,0.0265
2025-03-31 23:25:00,0.0228
2025-03-31 23:30:00,0.0301
2025-03-31 23:35:00,0.0571
2025-03-31 23:40:00,0.0602
2025-03-31 23:45:00,0.0532
2025-03-31 23:50:00,0.0293
2025-03-31 23:55:00,0.0311
2025-04-01 00:00:00,0.0263
2025-04-01 00:05:00,0.0283
2025-04-01 00:10:00,0.0538
2025-04-01 00:15:00,0.0557
2025-04-01 00:20:00,0.0534
2025-04-01 00:25:00,0.0241
2025-04-01 00:30:00,0.0255
2025-04-01 00:35:00,0.0315
2025-04-01 00:40:00,0.0627
2025-04-01 00:45:00,0.0565
2025-04-01 00:50:00,0.0556
2025-04-01 00:55:00,0.0419
2025-04-01 01:00:00,0.0216
2025-04-01 01:05:00,0.0212
2025-04-01 01:10:00,0.0693
2025-04-01 01:15:00,0.0467
2025-04-01 01:20:00,0.0549
2025-04-01 01:25:00,0.0549
2025-04-01 01:30:00,0.0348
2025-04-01 01:35:00,0.0225
2025-04-01 01:40:00,0.0219
2025-04-01 01:45:00,0.0225
2025-04-01 01:50:00,0.0475
2025-04-01 01:55:00,0.0586
2025-04-01 02:00:00,0.0489
2025-04-01 02:05:00,0.0215
2025-04-01 02:10:00,0.0226
2025-04-01 02:15:00,0.0206
2025-04-01 02:20:00,0.0347
2025-04-01 02:25:00,0.0538
2025-04-01 02:30:00,0.0558
2025-04-01 02:35:00,0.0416
2025-04-01 02:40:00,0.0208
2025-04-01 02:45:00,0.0239
2025-04-01 02:50:00,0.0789
2025-04-01 02:55:00,0.0369
2025-04-01 03:00:00,0.0577
2025-04-01 03:05:00,0.0536
2025-04-01 03:10:00,0.0322
2025-04-01 03:15:00,0.0217
2025-04-01 03:20:00,0.0231
2025-04-01 03:25:00,0.0200
2025-04-01 03:30:00,0.0446
2025-04-01 03:35:00,0.0544
2025-04-01 03:40:00,0.0534
2025-04-01 03:45:00,0.0244
2025-04-01 03:50:00,0.0199
2025-04-01 03:55:00,0.0216
2025-04-01 04:00:00,0.0275
2025-04-01 04:05:00,0.0557
2025-04-01 04:10:00,0.0544
2025-04-01 04:15:00,0.0444
2025-04-01 04:20:00,0.0216
2025-04-01 04:25:00,0.0213
2025-04-01 04:30:00,0.0246
2025-04-01 04:35:00,0.0370
2025-04-01 04:40:00,0.0532
2025-04-01 04:45:00,0.0543
2025-04-01 04:50:00,0.0327
2025-04-01 04:55:00,0.0229
2025-04-01 05:00:00,0.0232
2025-04-01 05:05:00,0.0248
2025-04-01 05:10:00,0.0445
2025-04-01 05:15:00,0.0544
2025-04-01 05:20:00,0.0526
2025-04-01 05:25:00,0.0238
2025-04-01 05:30:00,0.0209
2025-04-01 05:35:00,0.0221
2025-04-01 05:40:00,0.0303
2025-04-01 05:45:00,0.0566
2025-04-01 05:50:00,0.0541
2025-04-01 05:55:00,0.0392
2025-04-01 06:00:00,0.0546
2025-04-01 06:05:00,0.0235
2025-04-01 06:10:00,0.0211
2025-04-01 06:15:00,0.0417
2025-04-01 06:20:00,0.0561
2025-04-01 06:25:00,0.0526
2025-04-01 06:30:00,0.0259
2025-04-01 06:35:00,0.0718
2025-04-01 06:40:00,0.0271
2025-04-01 06:45:00,0.0360
2025-04-01 06:50:00,0.0628
2025-04-01 06:55:00,0.0672
2025-04-01 07:00:00,0.0362
2025-04-01 07:05:00,0.0225
2025-04-01 07:10:00,0.0199
2025-04-01 07:15:00,0.0221
2025-04-01 07:20:00,0.0457
2025-04-01 07:25:00,0.0538
2025-04-01 07:30:00,0.0494
2025-04-01 07:35:00,0.0260
2025-04-01 07:40:00,0.0206
2025-04-01 07:45:00,0.0210
2025-04-01 07:50:00,0.0294
2025-04-01 07:55:00,0.0540
2025-04-01 08:00:00,0.0536
2025-04-01 08:05:00,0.149
2025-04-01 08:10:00,0.127
2025-04-01 08:15:00,0.129
2025-04-01 08:20:00,0.129
2025-04-01 08:25:00,0.164
2025-04-01 08:30:00,0.162
2025-04-01 08:35:00,0.161
2025-04-01 08:40:00,0.143
2025-04-01 08:45:00,0.127
2025-04-01 08:50:00,0.128
2025-04-01 08:55:00,0.126
2025-04-01 09:00:00,0.142
2025-04-01 09:05:00,0.159
2025-04-01 09:10:00,0.158
2025-04-01 09:15:00,0.141
2025-04-01 09:20:00,0.126
2025-04-01 09:25:00,0.128
2025-04-01 09:30:00,0.128
2025-04-01 09:35:00,0.145
2025-04-01 09:40:00,0.162
2025-04-01 09:45:00,0.161
2025-04-01 09:50:00,0.147
2025-04-01 09:55:00,0.130
2025-04-01 10:00:00,0.129
2025-04-01 10:05:00,0.128
2025-04-01 10:10:00,0.131
2025-04-01 10:15:00,0.160
2025-04-01 10:20:00,0.160
2025-04-01 10:25:00,0.158
2025-04-01 10:30:00,0.133
2025-04-01 10:35:00,0.128
2025-04-01 10:40:00,0.127
2025-04-01 10:45:00,0.126
2025-04-01 10:50:00,0.153
2025-04-01 10:55:00,0.160
2025-04-01 11:00:00,0.163
2025-04-01 11:05:00,0.144
2025-04-01 11:10:00,0.134
2025-04-01 11:15:00,0.127
2025-04-01 11:20:00,0.130
2025-04-01 11:25:00,0.137
2025-04-01 11:30:00,0.162
2025-04-01 11:35:00,0.162
2025-04-01 11:40:00,0.154
2025-04-01 11:45:00,0.127
2025-04-01 11:50:00,0.127
2025-04-01 11:55:00,0.125
2025-04-01 12:00:00,0.131
2025-04-01 12:05:00,0.154
2025-04-01 12:10:00,0.160
2025-04-01 12:15:00,0.156
2025-04-01 12:20:00,0.129
2025-04-01 12:25:00,0.128
2025-04-01 12:30:00,0.126
2025-04-01 12:35:00,0.130
2025-04-01 12:40:00,0.148
2025-04-01 12:45:00,0.158
2025-04-01 12:50:00,0.160
2025-04-01 12:55:00,0.134
2025-04-01 13:00:00,0.125
2025-04-01 13:05:00,0.127
2025-04-01 13:10:00,0.128
2025-04-01 13:15:00,0.145
2025-04-01 13:20:00,0.159
2025-04-01 13:25:00,0.157
2025-04-01 13:30:00,0.136
2025-04-01 13:35:00,0.125
2025-04-01 13:40:00,0.170
2025-04-01 13:45:00,0.129
2025-04-01 13:50:00,0.156
2025-04-01 13:55:00,0.133
2025-04-01 14:00:00,0.141
2025-04-01 14:05:00,0.152
2025-04-01 14:10:00,0.158
2025-04-01 14:15:00,0.160
2025-04-01 14:20:00,0.164
2025-04-01 14:25:00,0.163
2025-04-01 14:30:00,0.166
2025-04-01 14:35:00,0.160
2025-04-01 14:40:00,0.146
2025-04-01 14:45:00,0.136
2025-04-01 14:50:00,0.127
2025-04-01 14:55:00,0.128
2025-04-01 15:00:00,0.129
2025-04-01 15:05:00,0.128
2025-04-01 15:10:00,0.126
2025-04-01 15:15:00,0.125
2025-04-01 15:20:00,0.131
2025-04-01 15:25:00,0.127
2025-04-01 15:30:00,0.142
2025-04-01 15:35:00,0.156
2025-04-01 15:40:00,0.164
2025-04-01 15:45:00,0.185
2025-04-01 15:50:00,0.166
2025-04-01 15:55:00,0.162
2025-04-01 16:00:00,0.161
2025-04-01 16:05:00,0.150
2025-04-01 16:10:00,0.138
2025-04-01 16:15:00,0.126
2025-04-01 16:20:00,0.130
2025-04-01 16:25:00,0.127
2025-04-01 16:30:00,0.129
2025-04-01 16:35:00,0.128
2025-04-01 16:40:00,0.149
2025-04-01 16:45:00,0.125
2025-04-01 16:50:00,0.128
2025-04-01 16:55:00,0.135
2025-04-01 17:00:00,0.147
2025-04-01 17:05:00,0.157
2025-04-01 17:10:00,0.162
2025-04-01 17:15:00,0.159
2025-04-01 17:20:00,0.164
2025-04-01 17:25:00,0.163
2025-04-01 17:30:00,0.158
2025-04-01 17:35:00,0.151
2025-04-01 17:40:00,0.135
2025-04-01 17:45:00,0.125
2025-04-01 17:50:00,0.129
2025-04-01 17:55:00,0.126
2025-04-01 18:00:00,0.127
2025-04-01 18:05:00,0.125
2025-04-01 18:10:00,0.128
2025-04-01 18:15:00,0.128
2025-04-01 18:20:00,0.135
2025-04-01 18:25:00,0.132
2025-04-01 18:30:00,0.133
2025-04-01 18:35:00,0.394
2025-04-01 18:40:00,0.800
2025-04-01 18:45:00,0.794
2025-04-01 18:50:00,0.789
2025-04-01 18:55:00,0.485
2025-04-01 19:00:00,0.800
2025-04-01 19:05:00,0.486
2025-04-01 19:10:00,0.660
2025-04-01 19:15:00,0.368
2025-04-01 19:20:00,0.373
2025-04-01 19:25:00,0.366
2025-04-01 19:30:00,0.369
2025-04-01 19:35:00,0.371
2025-04-01 19:40:00,0.371
2025-04-01 19:45:00,0.367
2025-04-01 19:50:00,0.404
2025-04-01 19:55:00,0.381
2025-04-01 20:00:00,0.390
2025-04-01 20:05:00,0.0379
2025-04-01 20:10:00,0.0400
2025-04-01 20:15:00,0.0282
2025-04-01 20:20:00,0.0358
2025-04-01 20:25:00,0.0406
2025-04-01 20:30:00,0.0480
2025-04-01 20:35:00,0.0588
2025-04-01 20:40:00,0.0655
2025-04-01 20:45:00,0.0648
2025-04-01 20:50:00,0.0629
2025-04-01 20:55:00,0.0624
2025-04-01 21:00:00,0.0620
2025-04-01 21:05:00,0.0673
2025-04-01 21:10:00,0.0543
2025-04-01 21:15:00,0.0491
2025-04-01 21:20:00,0.0430
2025-04-01 21:25:00,0.0303
2025-04-01 21:30:00,0.0254
2025-04-01 21:35:00,0.0283
2025-04-01 21:40:00,0.0271
2025-04-01 21:45:00,0.0365
2025-04-01 21:50:00,0.0387
2025-04-01 21:55:00,0.0457
2025-04-01 22:00:00,0.0391
2025-04-01 22:05:00,0.0394
2025-04-01 22:10:00,0.0460
2025-04-01 22:15:00,0.0247
2025-04-01 22:20:00,0.0268
2025-04-01 22:25:00,0.0303
2025-04-01 22:30:00,0.0349
2025-04-01 22:35:00,0.0427
2025-04-01 22:40:00,0.0492
2025-04-01 22:45:00,0.0544
2025-04-01 22:50:00,0.0633
2025-04-01 22:55:00,0.0640
2025-04-01 23:00:00,0.117
2025-04-01 23:05:00,0.0644
2025-04-01 23:10:00,0.0650
2025-04-01 23:15:00,0.0652
2025-04-01 23:20:00,0.0666
2025-04-01 23:25:00,0.0576
2025-04-01 23:30:00,0.0556
2025-04-01 23:35:00,0.0516
2025-04-01 23:40:00,0.0356
2025-04-01 23:45:00,0.0276
2025-04-01 23:50:00,0.0279
2025-04-01 23:55:00,0.0265
2025-04-02 00:00:00,0.0266
2025-04-02 00:05:00,0.0265
2025-04-02 00:10:00,0.0228
2025-04-02 00:15:00,0.0239
2025-04-02 00:20:00,0.0276
2025-04-02 00:25:00,0.0238
2025-04-02 00:30:00,0.0247
2025-04-02 00:35:00,0.0296
2025-04-02 00:40:00,0.0389
2025-04-02 00:45:00,0.0486
2025-04-02 00:50:00,0.0595
2025-04-02 00:55:00,0.0601
2025-04-02 01:00:00,0.0596
2025-04-02 01:05:00,0.0619
2025-04-02 01:10:00,0.0653
2025-04-02 01:15:00,0.0541
2025-04-02 01:20:00,0.0452
2025-04-02 01:25:00,0.0321
2025-04-02 01:30:00,0.0250
2025-04-02 01:35:00,0.0255
2025-04-02 01:40:00,0.0229
2025-04-02 01:45:00,0.0275
2025-04-02 01:50:00,0.0237
2025-04-02 01:55:00,0.0219
2025-04-02 02:00:00,0.0241
2025-04-02 02:05:00,0.0250
2025-04-02 02:10:00,0.0237
2025-04-02 02:15:00,0.0286
2025-04-02 02:20:00,0.0372
2025-04-02 02:25:00,0.0488
2025-04-02 02:30:00,0.0589
2025-04-02 02:35:00,0.0645
2025-04-02 02:40:00,0.0617
2025-04-02 02:45:00,0.0613
2025-04-02 02:50:00,0.0607
2025-04-02 02:55:00,0.0549
2025-04-02 03:00:00,0.0511
2025-04-02 03:05:00,0.0420
2025-04-02 03:10:00,0.0312
2025-04-02 03:15:00,0.0251
2025-04-02 03:20:00,0.0241
2025-04-02 03:25:00,0.0478
2025-04-02 03:30:00,0.0271
2025-04-02 03:35:00,0.0263
2025-04-02 03:40:00,0.0237
2025-04-02 03:45:00,0.0266
2025-04-02 03:50:00,0.0253
2025-04-02 03:55:00,0.0275
2025-04-02 04:00:00,0.0309
2025-04-02 04:05:00,0.0428
2025-04-02 04:10:00,0.0477
2025-04-02 04:15:00,0.0578
2025-04-02 04:20:00,0.0612
2025-04-02 04:25:00,0.0600
2025-04-02 04:30:00,0.0628
2025-04-02 04:35:00,0.0636
2025-04-02 04:40:00,0.0621
2025-04-02 04:45:00,0.0543
2025-04-02 04:50:00,0.0454
2025-04-02 04:55:00,0.0384
2025-04-02 05:00:00,0.0286
2025-04-02 05:05:00,0.0296
2025-04-02 05:10:00,0.0236
2025-04-02 05:15:00,0.0266
2025-04-02 05:20:00,0.0274
2025-04-02 05:25:00,0.0254
2025-04-02 05:30:00,0.0236
2025-04-02 05:35:00,0.0256
2025-04-02 05:40:00,0.0233
2025-04-02 05:45:00,0.0260
2025-04-02 05:50:00,0.0383
2025-04-02 05:55:00,0.0527
2025-04-02 06:00:00,0.0568
2025-04-02 06:05:00,0.0679
2025-04-02 06:10:00,0.0633
2025-04-02 06:15:00,0.0651
2025-04-02 06:20:00,0.0640
2025-04-02 06:25:00,0.0641
2025-04-02 06:30:00,0.0588
2025-04-02 06:35:00,0.0521
2025-04-02 06:40:00,0.0393
2025-04-02 06:45:00,0.0327
2025-04-02 06:50:00,0.0272
2025-04-02 06:55:00,0.0257
2025-04-02 07:00:00,0.0265
2025-04-02 07:05:00,0.0291
2025-04-02 07:10:00,0.0256
2025-04-02 07:15:00,0.0266
2025-04-02 07:20:00,0.0270
2025-04-02 07:25:00,0.0267
2025-04-02 07:30:00,0.0369
2025-04-02 07:35:00,0.0380
2025-04-02 07:40:00,0.0433
2025-04-02 07:45:00,0.0553
2025-04-02 07:50:00,0.0657
2025-04-02 07:55:00,0.0592
2025-04-02 08:00:00,0.0596
2025-04-02 08:05:00,0.406
2025-04-02 08:10:00,0.399
2025-04-02 08:15:00,0.388
2025-04-02 08:20:00,0.380
2025-04-02 08:25:00,0.373
2025-04-02 08:30:00,0.369
2025-04-02 08:35:00,0.366
2025-04-02 08:40:00,0.371
2025-04-02 08:45:00,0.366
2025-04-02 08:50:00,0.364
2025-04-02 08:55:00,0.363
2025-04-02 09:00:00,0.365
2025-04-02 09:05:00,0.373
2025-04-02 09:10:00,0.361
2025-04-02 09:15:00,0.366
2025-04-02 09:20:00,0.364
2025-04-02 09:25:00,0.366
2025-04-02 09:30:00,0.371
2025-04-02 09:35:00,0.381
2025-04-02 09:40:00,0.377
2025-04-02 09:45:00,0.388
2025-04-02 09:50:00,0.394
2025-04-02 09:55:00,0.397
2025-04-02 10:00:00,0.394
2025-04-02 10:05:00,0.404
2025-04-02 10:10:00,0.399
2025-04-02 10:15:00,0.400
2025-04-02 10:20:00,0.400
2025-04-02 10:25:00,0.398
2025-04-02 10:30:00,0.388
2025-04-02 10:35:00,0.385
2025-04-02 10:40:00,0.375
2025-04-02 10:45:00,0.369
2025-04-02 10:50:00,0.369
2025-04-02 10:55:00,0.415
2025-04-02 11:00:00,0.365
2025-04-02 11:05:00,0.409
2025-04-02 11:10:00,0.370
2025-04-02 11:15:00,0.371
2025-04-02 11:20:00,0.374
2025-04-02 11:25:00,0.369
2025-04-02 11:30:00,0.377
2025-04-02 11:35:00,0.366
2025-04-02 11:40:00,0.361
2025-04-02 11:45:00,0.368
2025-04-02 11:50:00,0.375
2025-04-02 11:55:00,0.376
2025-04-02 12:00:00,0.383
2025-04-02 12:05:00,0.390
2025-04-02 12:10:00,0.505
2025-04-02 12:15:00,0.396
2025-04-02 12:20:00,0.403
2025-04-02 12:25:00,0.399
2025-04-02 12:30:00,0.398
2025-04-02 12:35:00,0.426
2025-04-02 12:40:00,0.396
2025-04-02 12:45:00,0.397
2025-04-02 12:50:00,0.427
2025-04-02 12:55:00,0.395
2025-04-02 13:00:00,0.389
2025-04-02 13:05:00,0.389
2025-04-02 13:10:00,0.406
2025-04-02 13:15:00,0.385
2025-04-02 13:20:00,0.380
2025-04-02 13:25:00,0.376
2025-04-02 13:30:00,0.374
2025-04-02 13:35:00,0.368
2025-04-02 13:40:00,0.364
2025-04-02 13:45:00,0.365
2025-04-02 13:50:00,0.366
2025-04-02 13:55:00,0.366
2025-04-02 14:00:00,0.366
2025-04-02 14:05:00,0.370
2025-04-02 14:10:00,0.365
2025-04-02 14:15:00,0.399
2025-04-02 14:20:00,0.367
2025-04-02 14:25:00,0.367
2025-04-02 14:30:00,0.366
2025-04-02 14:35:00,0.371
2025-04-02 14:40:00,0.368
2025-04-02 14:45:00,0.368
2025-04-02 14:50:00,0.385
2025-04-02 14:55:00,0.363
2025-04-02 15:00:00,0.366
2025-04-02 15:05:00,0.372
2025-04-02 15:10:00,0.374
2025-04-02 15:15:00,0.378
2025-04-02 15:20:00,0.381
2025-04-02 15:25:00,0.391
2025-04-02 15:30:00,0.389
2025-04-02 15:35:00,0.393
2025-04-02 15:40:00,0.394
2025-04-02 15:45:00,0.399
2025-04-02 15:50:00,0.404
2025-04-02 15:55:00,0.401
2025-04-02 16:00:00,0.403
2025-04-02 16:05:00,0.404
2025-04-02 16:10:00,0.402
2025-04-02 16:15:00,0.399
2025-04-02 16:20:00,0.404
2025-04-02 16:25:00,0.396
2025-04-02 16:30:00,0.398
2025-04-02 16:35:00,0.446
2025-04-02 16:40:00,0.391
2025-04-02 16:45:00,0.386
2025-04-02 16:50:00,0.389
2025-04-02 16:55:00,0.385
2025-04-02 17:00:00,0.373
2025-04-02 17:05:00,0.377
2025-04-02 17:10:00,0.366
2025-04-02 17:15:00,0.364
2025-04-02 17:20:00,0.361
2025-04-02 17:25:00,0.361
2025-04-02 17:30:00,0.369
2025-04-02 17:35:00,0.366
2025-04-02 17:40:00,0.374
2025-04-02 17:45:00,0.366
2025-04-02 17:50:00,0.369
2025-04-02 17:55:00,0.366
2025-04-02 18:00:00,0.364
2025-04-02 18:05:00,0.371
2025-04-02 18:10:00,0.362
2025-04-02 18:15:00,0.367
2025-04-02 18:20:00,0.408
2025-04-02 18:25:00,0.364
2025-04-02 18:30:00,0.361
2025-04-02 18:35:00,0.366
2025-04-02 18:40:00,0.366
2025-04-02 18:45:00,0.366
2025-04-02 18:50:00,0.364
2025-04-02 18:55:00,0.366
2025-04-02 19:00:00,0.373
2025-04-02 19:05:00,0.380
2025-04-02 19:10:00,0.373
2025-04-02 19:15:00,0.376
2025-04-02 19:20:00,0.386
2025-04-02 19:25:00,0.388
2025-04-02 19:30:00,0.394
2025-04-02 19:35:00,0.393
2025-04-02 19:40:00,0.397
2025-04-02 19:45:00,0.398
2025-04-02 19:50:00,0.401
2025-04-02 19:55:00,0.400
2025-04-02 20:00:00,0.401
2025-04-02 20:05:00,0.0612
2025-04-02 20:10:00,0.0605
2025-04-02 20:15:00,0.0621
2025-04-02 20:20:00,0.0627
2025-04-02 20:25:00,0.0640
2025-04-02 20:30:00,0.0573
2025-04-02 20:35:00,0.0515
2025-04-02 20:40:00,0.0436
2025-04-02 20:45:00,0.0394
2025-04-02 20:50:00,0.0300
2025-04-02 20:55:00,0.0267
2025-04-02 21:00:00,0.0273
2025-04-02 21:05:00,0.0323
2025-04-02 21:10:00,0.0264
2025-04-02 21:15:00,0.0265
2025-04-02 21:20:00,0.0288
2025-04-02 21:25:00,0.0259
2025-04-02 21:30:00,0.0275
2025-04-02 21:35:00,0.0518
2025-04-02 21:40:00,0.0257
2025-04-02 21:45:00,0.0259
2025-04-02 21:50:00,0.0285
2025-04-02 21:55:00,0.0285
2025-04-02 22:00:00,0.0378
2025-04-02 22:05:00,0.0421
2025-04-02 22:10:00,0.0464
2025-04-02 22:15:00,0.0982
2025-04-02 22:20:00,0.0696
2025-04-02 22:25:00,0.0713
2025-04-02 22:30:00,0.0709
2025-04-02 22:35:00,0.0735
2025-04-02 22:40:00,0.0613
2025-04-02 22:45:00,0.0657
2025-04-02 22:50:00,0.0641
2025-04-02 22:55:00,0.0649
2025-04-02 23:00:00,0.0634
2025-04-02 23:05:00,0.0622
2025-04-02 23:10:00,0.0473
2025-04-02 23:15:00,0.102
2025-04-02 23:20:00,0.0414
2025-04-02 23:25:00,0.0334
2025-04-02 23:30:00,0.0308
2025-04-02 23:35:00,0.0287
2025-04-02 23:40:00,0.0236
2025-04-02 23:45:00,0.0256
2025-04-02 23:50:00,0.0817
2025-04-02 23:55:00,0.0249
2025-04-03 00:00:00,0.0238
2025-04-03 00:05:00,0.0278
2025-04-03 00:10:00,0.0239
2025-04-03 00:15:00,0.0243
2025-04-03 00:20:00,0.0257
2025-04-03 00:25:00,0.0240
2025-04-03 00:30:00,0.0269
2025-04-03 00:35:00,0.0293
2025-04-03 00:40:00,0.0233
2025-04-03 00:45:00,0.0256
2025-04-03 00:50:00,0.0280
2025-04-03 00:55:00,0.0487
2025-04-03 01:00:00,0.0250
2025-04-03 01:05:00,0.0305
2025-04-03 01:10:00,0.0316
2025-04-03 01:15:00,0.0383
2025-04-03 01:20:00,0.0676
2025-04-03 01:25:00,0.0513
2025-04-03 01:30:00,0.0448
2025-04-03 01:35:00,0.0521
2025-04-03 01:40:00,0.0521
2025-04-03 01:45:00,0.0590
2025-04-03 01:50:00,0.0643
2025-04-03 01:55:00,0.0655
2025-04-03 02:00:00,0.0854
2025-04-03 02:05:00,0.0678
2025-04-03 02:10:00,0.0619
2025-04-03 02:15:00,0.0641
2025-04-03 02:20:00,0.0668
2025-04-03 02:25:00,0.0643
2025-04-03 02:30:00,0.0637
2025-04-03 02:35:00,0.128
2025-04-03 02:40:00,0.0640
2025-04-03 02:45:00,0.0608
2025-04-03 02:50:00,0.0583
2025-04-03 02:55:00,0.0484
2025-04-03 03:00:00,0.0449
2025-04-03 03:05:00,0.0440
2025-04-03 03:10:00,0.0416
2025-04-03 03:15:00,0.0294
2025-04-03 03:20:00,0.0280
2025-04-03 03:25:00,0.0243
2025-04-03 03:30:00,0.0255
2025-04-03 03:35:00,0.0285
2025-04-03 03:40:00,0.0260
2025-04-03 03:45:00,0.0249
2025-04-03 03:50:00,0.0268
2025-04-03 03:55:00,0.0257
2025-04-03 04:00:00,0.0253
2025-04-03 04:05:00,0.0294
2025-04-03 04:10:00,0.0245
2025-04-03 04:15:00,0.0417
2025-04-03 04:20:00,0.0268
2025-04-03 04:25:00,0.0245
2025-04-03 04:30:00,0.0268
2025-04-03 04:35:00,0.0281
2025-04-03 04:40:00,0.0250
2025-04-03 04:45:00,0.0251
2025-04-03 04:50:00,0.0286
2025-04-03 04:55:00,0.0302
2025-04-03 05:00:00,0.0397
2025-04-03 05:05:00,0.0443
2025-04-03 05:10:00,0.0401
2025-04-03 05:15:00,0.0429
2025-04-03 05:20:00,0.0516
2025-04-03 05:25:00,0.0851
2025-04-03 05:30:00,0.0599
2025-04-03 05:35:00,0.0716
2025-04-03 05:40:00,0.0622
2025-04-03 05:45:00,0.0689
2025-04-03 05:50:00,0.0665
2025-04-03 05:55:00,0.0638
2025-04-03 06:00:00,0.0709
2025-04-03 06:05:00,0.0714
2025-04-03 06:10:00,0.0638
2025-04-03 06:15:00,0.0632
2025-04-03 06:20:00,0.0673
2025-04-03 06:25:00,0.0656
2025-04-03 06:30:00,0.0626
2025-04-03 06:35:00,0.0948
2025-04-03 06:40:00,0.0551
2025-04-03 06:45:00,0.0484
2025-04-03 06:50:00,0.0484
2025-04-03 06:55:00,0.0435
2025-04-03 07:00:00,0.0371
2025-04-03 07:05:00,0.0359
2025-04-03 07:10:00,0.0302
2025-04-03 07:15:00,0.0261
2025-04-03 07:20:00,0.0290
2025-04-03 07:25:00,0.0229
2025-04-03 07:30:00,0.0251
2025-04-03 07:35:00,0.0311
2025-04-03 07:40:00,0.0300
2025-04-03 07:45:00,0.0254
2025-04-03 07:50:00,0.0285
2025-04-03 07:55:00,0.0251
2025-04-03 08:00:00,0.0238
2025-04-03 08:05:00,0.371
2025-04-03 08:10:00,0.365
2025-04-03 08:15:00,0.373
2025-04-03 08:20:00,0.374
2025-04-03 08:25:00,0.368
2025-04-03 08:30:00,0.368
2025-04-03 08:35:00,0.370
2025-04-03 08:40:00,0.368
2025-04-03 08:45:00,0.375
2025-04-03 08:50:00,0.370
2025-04-03 08:55:00,0.364
2025-04-03 09:00:00,0.366
2025-04-03 09:05:00,0.367
2025-04-03 09:10:00,0.368
2025-04-03 09:15:00,0.366
2025-04-03 09:20:00,0.368
2025-04-03 09:25:00,0.368
2025-04-03 09:30:00,0.364
2025-04-03 09:35:00,0.377
2025-04-03 09:40:00,0.373
2025-04-03 09:45:00,0.377
2025-04-03 09:50:00,0.379
2025-04-03 09:55:00,0.378
2025-04-03 10:00:00,0.378
2025-04-03 10:05:00,0.385
2025-04-03 10:10:00,0.388
2025-04-03 10:15:00,0.388
2025-04-03 10:20:00,0.396
2025-04-03 10:25:00,0.393
2025-04-03 10:30:00,0.398
2025-04-03 10:35:00,0.419
2025-04-03 10:40:00,0.397
2025-04-03 10:45:00,0.441
2025-04-03 10:50:00,0.410
2025-04-03 10:55:00,0.407
2025-04-03 11:00:00,0.405
2025-04-03 11:05:00,0.426
2025-04-03 11:10:00,0.403
2025-04-03 11:15:00,0.397
2025-04-03 11:20:00,0.400
2025-04-03 11:25:00,0.400
2025-04-03 11:30:00,0.401
2025-04-03 11:35:00,0.403
2025-04-03 11:40:00,0.408
2025-04-03 11:45:00,0.405
2025-04-03 11:50:00,0.400
2025-04-03 11:55:00,0.398
2025-04-03 12:00:00,0.403
2025-04-03 12:05:00,0.408
2025-04-03 12:10:00,0.406
2025-04-03 12:15:00,0.429
2025-04-03 12:20:00,0.399
2025-04-03 12:25:00,0.399
2025-04-03 12:30:00,0.390
2025-04-03 12:35:00,0.393
2025-04-03 12:40:00,0.388
2025-04-03 12:45:00,0.389
2025-04-03 12:50:00,0.389
2025-04-03 12:55:00,0.383
2025-04-03 13:00:00,0.382
2025-04-03 13:05:00,0.382
2025-04-03 13:10:00,0.378
2025-04-03 13:15:00,0.378
2025-04-03 13:20:00,0.407
2025-04-03 13:25:00,0.369
2025-04-03 13:30:00,0.366
2025-04-03 13:35:00,0.369
2025-04-03 13:40:00,0.365
2025-04-03 13:45:00,0.365
2025-04-03 13:50:00,0.367
2025-04-03 13:55:00,0.376
2025-04-03 14:00:00,0.367
2025-04-03 14:05:00,0.367
2025-04-03 14:10:00,0.373
2025-04-03 14:15:00,0.369
2025-04-03 14:20:00,0.365
2025-04-03 14:25:00,0.368
2025-04-03 14:30:00,0.366
2025-04-03 14:35:00,0.371
2025-04-03 14:40:00,0.366
2025-04-03 14:45:00,0.369
2025-04-03 14:50:00,0.365
2025-04-03 14:55:00,0.369
2025-04-03 15:00:00,0.369
2025-04-03 15:05:00,0.372
2025-04-03 15:10:00,0.367
2025-04-03 15:15:00,0.365
2025-04-03 15:20:00,0.369
2025-04-03 15:25:00,0.364
2025-04-03 15:30:00,0.371
2025-04-03 15:35:00,0.366
2025-04-03 15:40:00,0.364
2025-04-03 15:45:00,0.366
2025-04-03 15:50:00,0.364
2025-04-03 15:55:00,0.368
2025-04-03 16:00:00,0.366
2025-04-03 16:05:00,0.365
2025-04-03 16:10:00,0.365
2025-04-03 16:15:00,0.366
2025-04-03 16:20:00,0.364
2025-04-03 16:25:00,0.370
2025-04-03 16:30:00,0.371
2025-04-03 16:35:00,0.378
2025-04-03 16:40:00,0.380
2025-04-03 16:45:00,0.377
2025-04-03 16:50:00,0.378
2025-04-03 16:55:00,0.385
2025-04-03 17:00:00,0.386
2025-04-03 17:05:00,0.388
2025-04-03 17:10:00,0.393
2025-04-03 17:15:00,0.398
2025-04-03 17:20:00,0.397
2025-04-03 17:25:00,0.396
2025-04-03 17:30:00,0.399
2025-04-03 17:35:00,0.402
2025-04-03 17:40:00,0.399
2025-04-03 17:45:00,0.409
2025-04-03 17:50:00,0.398
2025-04-03 17:55:00,0.400
2025-04-03 18:00:00,0.400
2025-04-03 18:05:00,0.399
2025-04-03 18:10:00,0.406
2025-04-03 18:15:00,0.401
2025-04-03 18:20:00,0.401
2025-04-03 18:25:00,0.404
2025-04-03 18:30:00,0.402
2025-04-03 18:35:00,0.400
2025-04-03 18:40:00,0.398
2025-04-03 18:45:00,0.399
2025-04-03 18:50:00,0.394
2025-04-03 18:55:00,0.393
2025-04-03 19:00:00,0.386
2025-04-03 19:05:00,0.384
2025-04-03 19:10:00,0.379
2025-04-03 19:15:00,0.376
2025-04-03 19:20:00,0.372
2025-04-03 19:25:00,0.375
2025-04-03 19:30:00,0.383
2025-04-03 19:35:00,0.368
2025-04-03 19:40:00,0.368
2025-04-03 19:45:00,0.369
2025-04-03 19:50:00,0.369
2025-04-03 19:55:00,0.364
2025-04-03 20:00:00,0.371
2025-04-03 20:05:00,0.0240
2025-04-03 20:10:00,0.0324
2025-04-03 20:15:00,0.0256
2025-04-03 20:20:00,0.0232
2025-04-03 20:25:00,0.0236
2025-04-03 20:30:00,0.0233
2025-04-03 20:35:00,0.0244
2025-04-03 20:40:00,0.0280
2025-04-03 20:45:00,0.0234
2025-04-03 20:50:00,0.0253
2025-04-03 20:55:00,0.334
2025-04-03 21:00:00,0.360
2025-04-03 21:05:00,0.0364
2025-04-03 21:10:00,0.0319
2025-04-03 21:15:00,0.0435
2025-04-03 21:20:00,0.421
2025-04-03 21:25:00,0.0709
2025-04-03 21:30:00,0.641
2025-04-03 21:35:00,0.520
2025-04-03 21:40:00,0.545
2025-04-03 21:45:00,0.548
2025-04-03 21:50:00,0.565
2025-04-03 21:55:00,0.0421
2025-04-03 22:00:00,0.0360
2025-04-03 22:05:00,0.0436
2025-04-03 22:10:00,0.0442
2025-04-03 22:15:00,0.0275
2025-04-03 22:20:00,0.0268
2025-04-03 22:25:00,0.0291
2025-04-03 22:30:00,0.0243
2025-04-03 22:35:00,0.0249
2025-04-03 22:40:00,0.0249
2025-04-03 22:45:00,0.0226
2025-04-03 22:50:00,0.0241
2025-04-03 22:55:00,0.0281
2025-04-03 23:00:00,0.0242
2025-04-03 23:05:00,0.0255
2025-04-03 23:10:00,0.0293
2025-04-03 23:15:00,0.0323
2025-04-03 23:20:00,0.0383
2025-04-03 23:25:00,0.0414
2025-04-03 23:30:00,0.0540
2025-04-03 23:35:00,0.0518
2025-04-03 23:40:00,0.0557
2025-04-03 23:45:00,0.0605
2025-04-03 23:50:00,0.0634
2025-04-03 23:55:00,0.0617
2025-04-04 00:00:00,0.0633
2025-04-04 00:05:00,0.0902
2025-04-04 00:10:00,0.0634
2025-04-04 00:15:00,0.0656
2025-04-04 00:20:00,0.0624
2025-04-04 00:25:00,0.0624
2025-04-04 00:30:00,0.0631
2025-04-04 00:35:00,0.0634
2025-04-04 00:40:00,0.123
2025-04-04 00:45:00,0.0625
2025-04-04 00:50:00,0.0528
2025-04-04 00:55:00,0.0479
2025-04-04 01:00:00,0.0507
2025-04-04 01:05:00,0.0482
2025-04-04 01:10:00,0.0464
2025-04-04 01:15:00,0.0467
2025-04-04 01:20:00,0.0399
2025-04-04 01:25:00,0.0333
2025-04-04 01:30:00,0.0330
2025-04-04 01:35:00,0.0270
2025-04-04 01:40:00,0.0270
2025-04-04 01:45:00,0.0252
2025-04-04 01:50:00,0.0795
2025-04-04 01:55:00,0.0233
2025-04-04 02:00:00,0.0242
2025-04-04 02:05:00,0.0249
2025-04-04 02:10:00,0.0251
2025-04-04 02:15:00,0.0255
2025-04-04 02:20:00,0.0259
2025-04-04 02:25:00,0.0342
2025-04-04 02:30:00,0.0288
2025-04-04 02:35:00,0.0264
2025-04-04 02:40:00,0.0551
2025-04-04 02:45:00,0.0473
2025-04-04 02:50:00,0.0279
2025-04-04 02:55:00,0.0269
2025-04-04 03:00:00,0.0337
2025-04-04 03:05:00,0.0278
2025-04-04 03:10:00,0.0276
2025-04-04 03:15:00,0.0278
2025-04-04 03:20:00,0.0273
2025-04-04 03:25:00,0.0265
2025-04-04 03:30:00,0.0297
2025-04-04 03:35:00,0.0598
2025-04-04 03:40:00,0.0308
2025-04-04 03:45:00,0.0340
2025-04-04 03:50:00,0.0377
2025-04-04 03:55:00,0.0391
2025-04-04 04:00:00,0.0437
2025-04-04 04:05:00,0.0497
2025-04-04 04:10:00,0.0887
2025-04-04 04:15:00,0.0534
2025-04-04 04:20:00,0.0561
2025-04-04 04:25:00,0.0586
2025-04-04 04:30:00,0.0628
2025-04-04 04:35:00,0.0628
2025-04-04 04:40:00,0.0640
2025-04-04 04:45:00,0.0628
2025-04-04 04:50:00,0.0628
2025-04-04 04:55:00,0.0673
2025-04-04 05:00:00,0.0638
2025-04-04 05:05:00,0.0663
2025-04-04 05:10:00,0.0646
2025-04-04 05:15:00,0.0653
2025-04-04 05:20:00,0.0645
2025-04-04 05:25:00,0.0625
2025-04-04 05:30:00,0.0635
2025-04-04 05:35:00,0.0584
2025-04-04 05:40:00,0.0568
2025-04-04 05:45:00,0.0548
2025-04-04 05:50:00,0.0482
2025-04-04 05:55:00,0.0438
2025-04-04 06:00:00,0.0435
2025-04-04 06:05:00,0.0403
2025-04-04 06:10:00,0.0335
2025-04-04 06:15:00,0.0269
2025-04-04 06:20:00,0.0232
2025-04-04 06:25:00,0.0235
2025-04-04 06:30:00,0.0237
2025-04-04 06:35:00,0.0236
2025-04-04 06:40:00,0.0262
2025-04-04 06:45:00,0.0258
2025-04-04 06:50:00,0.0224
2025-04-04 06:55:00,0.0290
2025-04-04 07:00:00,0.0255
2025-04-04 07:05:00,0.0279
2025-04-04 07:10:00,0.0237
2025-04-04 07:15:00,0.0236
2025-04-04 07:20:00,0.0224
2025-04-04 07:25:00,0.0240
2025-04-04 07:30:00,0.0296
2025-04-04 07:35:00,0.0246
2025-04-04 07:40:00,0.0234
2025-04-04 07:45:00,0.0274
2025-04-04 07:50:00,0.0314
2025-04-04 07:55:00,0.0395
2025-04-04 08:00:00,0.0441
2025-04-04 08:05:00,0.389
2025-04-04 08:10:00,0.392
2025-04-04 08:15:00,0.393
2025-04-04 08:20:00,0.392
2025-04-04 08:25:00,0.397
2025-04-04 08:30:00,0.399
2025-04-04 08:35:00,0.404
2025-04-04 08:40:00,0.402
2025-04-04 08:45:00,0.408
2025-04-04 08:50:00,0.409
2025-04-04 08:55:00,0.409
2025-04-04 09:00:00,0.406
2025-04-04 09:05:00,0.408
2025-04-04 09:10:00,0.413
2025-04-04 09:15:00,0.405
2025-04-04 09:20:00,0.404
2025-04-04 09:25:00,0.403
2025-04-04 09:30:00,0.407
2025-04-04 09:35:00,0.402
2025-04-04 09:40:00,0.404
2025-04-04 09:45:00,0.458
2025-04-04 09:50:00,0.405
2025-04-04 09:55:00,0.405
2025-04-04 10:00:00,0.408
2025-04-04 10:05:00,0.404
2025-04-04 10:10:00,0.409
2025-04-04 10:15:00,0.408
2025-04-04 10:20:00,0.450
2025-04-04 10:25:00,0.398
2025-04-04 10:30:00,0.400
2025-04-04 10:35:00,0.398
2025-04-04 10:40:00,0.444
2025-04-04 10:45:00,0.398
2025-04-04 10:50:00,0.399
2025-04-04 10:55:00,0.400
2025-04-04 11:00:00,0.419
2025-04-04 11:05:00,0.394
2025-04-04 11:10:00,0.403
2025-04-04 11:15:00,0.399
2025-04-04 11:20:00,0.398
2025-04-04 11:25:00,0.395
2025-04-04 11:30:00,0.393
2025-04-04 11:35:00,0.393
2025-04-04 11:40:00,0.389
2025-04-04 11:45:00,0.387
2025-04-04 11:50:00,0.386
2025-04-04 11:55:00,0.379
2025-04-04 12:00:00,0.375
2025-04-04 12:05:00,0.372
2025-04-04 12:10:00,0.375
2025-04-04 12:15:00,0.375
2025-04-04 12:20:00,0.401
2025-04-04 12:25:00,0.374
2025-04-04 12:30:00,0.379
2025-04-04 12:35:00,0.367
2025-04-04 12:40:00,0.375
2025-04-04 12:45:00,0.375
2025-04-04 12:50:00,0.369
2025-04-04 12:55:00,0.373
2025-04-04 13:00:00,0.375
2025-04-04 13:05:00,0.418
2025-04-04 13:10:00,0.370
2025-04-04 13:15:00,0.368
2025-04-04 13:20:00,0.377
2025-04-04 13:25:00,0.375
2025-04-04 13:30:00,0.374
2025-04-04 13:35:00,0.373
2025-04-04 13:40:00,0.379
2025-04-04 13:45:00,0.374
2025-04-04 13:50:00,0.369
2025-04-04 13:55:00,0.374
2025-04-04 14:00:00,0.376
2025-04-04 14:05:00,0.371
2025-04-04 14:10:00,0.375
2025-04-04 14:15:00,0.381
2025-04-04 14:20:00,0.376
2025-04-04 14:25:00,0.373
2025-04-04 14:30:00,0.374
2025-04-04 14:35:00,0.370
2025-04-04 14:40:00,0.377
2025-04-04 14:45:00,0.377
2025-04-04 14:50:00,0.374
2025-04-04 14:55:00,0.376
2025-04-04 15:00:00,0.377
2025-04-04 15:05:00,0.370
2025-04-04 15:10:00,0.375
2025-04-04 15:15:00,0.370
2025-04-04 15:20:00,0.372
2025-04-04 15:25:00,0.374
2025-04-04 15:30:00,0.527
2025-04-04 15:35:00,0.521
2025-04-04 15:40:00,0.549
2025-04-04 15:45:00,0.431
2025-04-04 15:50:00,0.441
2025-04-04 15:55:00,0.420
2025-04-04 16:00:00,0.407
2025-04-04 16:05:00,0.405
2025-04-04 16:10:00,0.408
2025-04-04 16:15:00,0.405
2025-04-04 16:20:00,0.408
2025-04-04 16:25:00,0.816
2025-04-04 16:30:00,0.958
2025-04-04 16:35:00,0.413
2025-04-04 16:40:00,0.412
2025-04-04 16:45:00,0.403
2025-04-04 16:50:00,0.406
2025-04-04 16:55:00,0.401
2025-04-04 17:00:00,0.429
2025-04-04 17:05:00,0.391
2025-04-04 17:10:00,0.395
2025-04-04 17:15:00,0.395
2025-04-04 17:20:00,0.386
2025-04-04 17:25:00,0.388
2025-04-04 17:30:00,0.382
2025-04-04 17:35:00,0.380
2025-04-04 17:40:00,0.382
2025-04-04 17:45:00,0.377
2025-04-04 17:50:00,0.377
2025-04-04 17:55:00,0.375
2025-04-04 18:00:00,0.372
2025-04-04 18:05:00,0.374
2025-04-04 18:10:00,0.379
2025-04-04 18:15:00,0.376
2025-04-04 18:20:00,0.374
2025-04-04 18:25:00,0.372
2025-04-04 18:30:00,0.374
2025-04-04 18:35:00,0.373
2025-04-04 18:40:00,0.373
2025-04-04 18:45:00,0.372
2025-04-04 18:50:00,0.372
2025-04-04 18:55:00,0.369
2025-04-04 19:00:00,0.378
2025-04-04 19:05:00,0.374
2025-04-04 19:10:00,0.371
2025-04-04 19:15:00,0.373
2025-04-04 19:20:00,0.371
2025-04-04 19:25:00,0.372
2025-04-04 19:30:00,0.372
2025-04-04 19:35:00,0.373
2025-04-04 19:40:00,0.374
2025-04-04 19:45:00,0.374
2025-04-04 19:50:00,0.374
2025-04-04 19:55:00,0.375
2025-04-04 20:00:00,0.372
2025-04-04 20:05:00,0.0249
2025-04-04 20:10:00,0.0240
2025-04-04 20:15:00,0.0244
2025-04-04 20:20:00,0.0246
2025-04-04 20:25:00,0.0321
2025-04-04 20:30:00,0.0247
2025-04-04 20:35:00,0.0265
2025-04-04 20:40:00,0.0236
2025-04-04 20:45:00,0.0274
2025-04-04 20:50:00,0.0241
2025-04-04 20:55:00,0.0231
2025-04-04 21:00:00,0.0293
2025-04-04 21:05:00,0.0241
2025-04-04 21:10:00,0.0234
2025-04-04 21:15:00,0.0248
2025-04-04 21:20:00,0.0238
2025-04-04 21:25:00,0.0234
2025-04-04 21:30:00,0.0251
2025-04-04 21:35:00,0.0224
2025-04-04 21:40:00,0.0291
2025-04-04 21:45:00,0.0349
2025-04-04 21:50:00,0.0379
2025-04-04 21:55:00,0.0458
2025-04-04 22:00:00,0.0486
2025-04-04 22:05:00,0.0520
2025-04-04 22:10:00,0.0709
2025-04-04 22:15:00,0.0552
2025-04-04 22:20:00,0.0560
2025-04-04 22:25:00,0.0604
2025-04-04 22:30:00,0.0647
2025-04-04 22:35:00,0.0621
2025-04-04 22:40:00,0.0653
2025-04-04 22:45:00,0.0622
2025-04-04 22:50:00,0.0619
2025-04-04 22:55:00,0.0636
2025-04-04 23:00:00,0.0670
2025-04-04 23:05:00,0.0626
2025-04-04 23:10:00,0.0644
2025-04-04 23:15:00,0.0675
2025-04-04 23:20:00,0.0680
2025-04-04 23:25:00,0.0672
2025-04-04 23:30:00,0.0746
2025-04-04 23:35:00,0.0640
2025-04-04 23:40:00,0.123
2025-04-04 23:45:00,0.0737
2025-04-04 23:50:00,0.0800
2025-04-04 23:55:00,0.0729
2025-04-05 00:00:00,0.0899
2025-04-05 00:05:00,0.0668
2025-04-05 00:10:00,0.0631
2025-04-05 00:15:00,0.0635
2025-04-05 00:20:00,0.0661
2025-04-05 00:25:00,0.0638
2025-04-05 00:30:00,0.0643
2025-04-05 00:35:00,0.0666
2025-04-05 00:40:00,0.0627
2025-04-05 00:45:00,0.0630
2025-04-05 00:50:00,0.0625
2025-04-05 00:55:00,0.0625
2025-04-05 01:00:00,0.0640
2025-04-05 01:05:00,0.0642
2025-04-05 01:10:00,0.0637
2025-04-05 01:15:00,0.0666
2025-04-05 01:20:00,0.0702
2025-04-05 01:25:00,0.0633
2025-04-05 01:30:00,0.0667
2025-04-05 01:35:00,0.0647
2025-04-05 01:40:00,0.0638
2025-04-05 01:45:00,0.0671
2025-04-05 01:50:00,0.0978
2025-04-05 01:55:00,0.0665
2025-04-05 02:00:00,0.0747
2025-04-05 02:05:00,0.0662
2025-04-05 02:10:00,0.0634
2025-04-05 02:15:00,0.0497
2025-04-05 02:20:00,0.0460
2025-04-05 02:25:00,0.0430
2025-04-05 02:30:00,0.0408
2025-04-05 02:35:00,0.0381
2025-04-05 02:40:00,0.0827
2025-04-05 02:45:00,0.0288
2025-04-05 02:50:00,0.0267
2025-04-05 02:55:00,0.0271
2025-04-05 03:00:00,0.0240
2025-04-05 03:05:00,0.0246
2025-04-05 03:10:00,0.0240
2025-04-05 03:15:00,0.0260
2025-04-05 03:20:00,0.0245
2025-04-05 03:25:00,0.0242
2025-04-05 03:30:00,0.0254
2025-04-05 03:35:00,0.0250
2025-04-05 03:40:00,0.0237
2025-04-05 03:45:00,0.0259
2025-04-05 03:50:00,0.0248
2025-04-05 03:55:00,0.0246
2025-04-05 04:00:00,0.0260
2025-04-05 04:05:00,0.0229
2025-04-05 04:10:00,0.0246
2025-04-05 04:15:00,0.0251
2025-04-05 04:20:00,0.0786
2025-04-05 04:25:00,0.0242
2025-04-05 04:30:00,0.0265
2025-04-05 04:35:00,0.0279
2025-04-05 04:40:00,0.0250
2025-04-05 04:45:00,0.0272
2025-04-05 04:50:00,0.0255
2025-04-05 04:55:00,0.0257
2025-04-05 05:00:00,0.0290
2025-04-05 05:05:00,0.0351
2025-04-05 05:10:00,0.0430
2025-04-05 05:15:00,0.0402
2025-04-05 05:20:00,0.0457
2025-04-05 05:25:00,0.0544
2025-04-05 05:30:00,0.0538
2025-04-05 05:35:00,0.0587
2025-04-05 05:40:00,0.0590
2025-04-05 05:45:00,0.0610
2025-04-05 05:50:00,0.0618
2025-04-05 05:55:00,0.0633
2025-04-05 06:00:00,0.0644
2025-04-05 06:05:00,0.0655
2025-04-05 06:10:00,0.0626
2025-04-05 06:15:00,0.0650
2025-04-05 06:20:00,0.0643
2025-04-05 06:25:00,0.0626
2025-04-05 06:30:00,0.0627
2025-04-05 06:35:00,0.0632
2025-04-05 06:40:00,0.0640
2025-04-05 06:45:00,0.0641
2025-04-05 06:50:00,0.0626
2025-04-05 06:55:00,0.0604
2025-04-05 07:00:00,0.0574
2025-04-05 07:05:00,0.0538
2025-04-05 07:10:00,0.0479
2025-04-05 07:15:00,0.0490
2025-04-05 07:20:00,0.0444
2025-04-05 07:25:00,0.0412
2025-04-05 07:30:00,0.0375
2025-04-05 07:35:00,0.0325
2025-04-05 07:40:00,0.0312
2025-04-05 07:45:00,0.0266
2025-04-05 07:50:00,0.0225
2025-04-05 07:55:00,0.0264
2025-04-05 08:00:00,0.0281
2025-04-05 08:05:00,0.0232
2025-04-05 08:10:00,0.0241
2025-04-05 08:15:00,0.0260
2025-04-05 08:20:00,0.0288
2025-04-05 08:25:00,0.0262
2025-04-05 08:30:00,0.0277
2025-04-05 08:35:00,0.0279
2025-04-05 08:40:00,0.0269
2025-04-05 08:45:00,0.0823
2025-04-05 08:50:00,0.0271
2025-04-05 08:55:00,0.0261
2025-04-05 09:00:00,0.0283
2025-04-05 09:05:00,0.0262
2025-04-05 09:10:00,0.0259
2025-04-05 09:15:00,0.0286
2025-04-05 09:20:00,0.0314
2025-04-05 09:25:00,0.0252
2025-04-05 09:30:00,0.0286
2025-04-05 09:35:00,0.0318
2025-04-05 09:40:00,0.0376
2025-04-05 09:45:00,0.0399
2025-04-05 09:50:00,0.0404
2025-04-05 09:55:00,0.0967
2025-04-05 10:00:00,0.0531
2025-04-05 10:05:00,0.0493
2025-04-05 10:10:00,0.0527
2025-04-05 10:15:00,0.0573
2025-04-05 10:20:00,0.0614
2025-04-05 10:25:00,0.0632
2025-04-05 10:30:00,0.0641
2025-04-05 10:35:00,0.0640
2025-04-05 10:40:00,0.0627
2025-04-05 10:45:00,0.0665
2025-04-05 10:50:00,0.0617
2025-04-05 10:55:00,0.0636
2025-04-05 11:00:00,0.0656
2025-04-05 11:05:00,0.0630
2025-04-05 11:10:00,0.0962
2025-04-05 11:15:00,0.0735
2025-04-05 11:20:00,0.0634
2025-04-05 11:25:00,0.0611
2025-04-05 11:30:00,0.0618
2025-04-05 11:35:00,0.0624
2025-04-05 11:40:00,0.0543
2025-04-05 11:45:00,0.0529
2025-04-05 11:50:00,0.0470
2025-04-05 11:55:00,0.0427
2025-04-05 12:00:00,0.0487
2025-04-05 12:05:00,0.0408
2025-04-05 12:10:00,0.0403
2025-04-05 12:15:00,0.0387
2025-04-05 12:20:00,0.0250
2025-04-05 12:25:00,0.0248
2025-04-05 12:30:00,0.0237
2025-04-05 12:35:00,0.0244
2025-04-05 12:40:00,0.0255
2025-04-05 12:45:00,0.0251
2025-04-05 12:50:00,0.0247
2025-04-05 12:55:00,0.0263
2025-04-05 13:00:00,0.0240
2025-04-05 13:05:00,0.0247
2025-04-05 13:10:00,0.0236
2025-04-05 13:15:00,0.0755
2025-04-05 13:20:00,0.0239
2025-04-05 13:25:00,0.0239
2025-04-05 13:30:00,0.0253
2025-04-05 13:35:00,0.0249
2025-04-05 13:40:00,0.0230
2025-04-05 13:45:00,0.0258
2025-04-05 13:50:00,0.0255
2025-04-05 13:55:00,0.0228
2025-04-05 14:00:00,0.0356
2025-04-05 14:05:00,0.0247
2025-04-05 14:10:00,0.0289
2025-04-05 14:15:00,0.0316
2025-04-05 14:20:00,0.0358
2025-04-05 14:25:00,0.0382
2025-04-05 14:30:00,0.0417
2025-04-05 14:35:00,0.0495
2025-04-05 14:40:00,0.0489
2025-04-05 14:45:00,0.0546
2025-04-05 14:50:00,0.0554
2025-04-05 14:55:00,0.0648
2025-04-05 15:00:00,0.0642
2025-04-05 15:05:00,0.0634
2025-04-05 15:10:00,0.0598
2025-04-05 15:15:00,0.0619
2025-04-05 15:20:00,0.0624
2025-04-05 15:25:00,0.0646
2025-04-05 15:30:00,0.0618
2025-04-05 15:35:00,0.0623
2025-04-05 15:40:00,0.0581
2025-04-05 15:45:00,0.103
2025-04-05 15:50:00,0.0530
2025-04-05 15:55:00,0.0477
2025-04-05 16:00:00,0.0458
2025-04-05 16:05:00,0.0420
2025-04-05 16:10:00,0.0357
2025-04-05 16:15:00,0.0734
2025-04-05 16:20:00,0.0423
2025-04-05 16:25:00,0.0315
2025-04-05 16:30:00,0.0375
2025-04-05 16:35:00,0.0374
2025-04-05 16:40:00,0.0240
2025-04-05 16:45:00,0.0249
2025-04-05 16:50:00,0.0234
2025-04-05 16:55:00,0.0211
2025-04-05 17:00:00,0.0230
2025-04-05 17:05:00,0.0256
2025-04-05 17:10:00,0.0212
2025-04-05 17:15:00,0.0257
2025-04-05 17:20:00,0.0232
2025-04-05 17:25:00,0.0234
2025-04-05 17:30:00,0.0234
2025-04-05 17:35:00,0.0238
2025-04-05 17:40:00,0.0225
2025-04-05 17:45:00,0.0451
2025-04-05 17:50:00,0.0273
2025-04-05 17:55:00,0.0344
2025-04-05 18:00:00,0.0362
2025-04-05 18:05:00,0.0391
2025-04-05 18:10:00,0.0444
2025-04-05 18:15:00,0.0511
2025-04-05 18:20:00,0.0555
2025-04-05 18:25:00,0.0617
2025-04-05 18:30:00,0.0605
2025-04-05 18:35:00,0.0643
2025-04-05 18:40:00,0.0620
2025-04-05 18:45:00,0.0631
2025-04-05 18:50:00,0.0645
2025-04-05 18:55:00,0.105
2025-04-05 19:00:00,0.0622
2025-04-05 19:05:00,0.0625
2025-04-05 19:10:00,0.0624
2025-04-05 19:15:00,0.0555
2025-04-05 19:20:00,0.0534
2025-04-05 19:25:00,0.0461
2025-04-05 19:30:00,0.0635
2025-04-05 19:35:00,0.0367
2025-04-05 19:40:00,0.0329
2025-04-05 19:45:00,0.0272
2025-04-05 19:50:00,0.0226
2025-04-05 19:55:00,0.0223
2025-04-05 20:00:00,0.0285
2025-04-05 20:05:00,0.0221
2025-04-05 20:10:00,0.0236
2025-04-05 20:15:00,0.0260
2025-04-05 20:20:00,0.0223
2025-04-05 20:25:00,0.0562
2025-04-05 20:30:00,0.0226
2025-04-05 20:35:00,0.0273
2025-04-05 20:40:00,0.0245
2025-04-05 20:45:00,0.0232
2025-04-05 20:50:00,0.0237
2025-04-05 20:55:00,0.0225
2025-04-05 21:00:00,0.0237
2025-04-05 21:05:00,0.0242
2025-04-05 21:10:00,0.0241
2025-04-05 21:15:00,0.0316
2025-04-05 21:20:00,0.0334
2025-04-05 21:25:00,0.0392
2025-04-05 21:30:00,0.0485
2025-04-05 21:35:00,0.0500
2025-04-05 21:40:00,0.0555
2025-04-05 21:45:00,0.0612
2025-04-05 21:50:00,0.0653
2025-04-05 21:55:00,0.0612
2025-04-05 22:00:00,0.0617
2025-04-05 22:05:00,0.0644
2025-04-05 22:10:00,0.0603
2025-04-05 22:15:00,0.0620
2025-04-05 22:20:00,0.0632
2025-04-05 22:25:00,0.0629
2025-04-05 22:30:00,0.0621
2025-04-05 22:35:00,0.0581
2025-04-05 22:40:00,0.0522
2025-04-05 22:45:00,0.0456
2025-04-05 22:50:00,0.0424
2025-04-05 22:55:00,0.0373
2025-04-05 23:00:00,0.0349
2025-04-05 23:05:00,0.0297
2025-04-05 23:10:00,0.0233
2025-04-05 23:15:00,0.0250
2025-04-05 23:20:00,0.0246
2025-04-05 23:25:00,0.0256
2025-04-05 23:30:00,0.0238
2025-04-05 23:35:00,0.0251
2025-04-05 23:40:00,0.0228
2025-04-05 23:45:00,0.0255
2025-04-05 23:50:00,0.0261
2025-04-05 23:55:00,0.0236
2025-04-06 00:00:00,0.0240
2025-04-06 00:05:00,0.0244
2025-04-06 00:10:00,0.0261
2025-04-06 00:15:00,0.0329
2025-04-06 00:20:00,0.0267
2025-04-06 00:25:00,0.0234
2025-04-06 00:30:00,0.0241
2025-04-06 00:35:00,0.0285
2025-04-06 00:40:00,0.0255
2025-04-06 00:45:00,0.0259
2025-04-06 00:50:00,0.0573
2025-04-06 00:55:00,0.0322
2025-04-06 01:00:00,0.0580
2025-04-06 01:05:00,0.0429
2025-04-06 01:10:00,0.0443
2025-04-06 01:15:00,0.0482
2025-04-06 01:20:00,0.0541
2025-04-06 01:25:00,0.0604
2025-04-06 01:30:00,0.0619
2025-04-06 01:35:00,0.0700
2025-04-06 01:40:00,0.0642
2025-04-06 01:45:00,0.0650
2025-04-06 01:50:00,0.0665
2025-04-06 01:55:00,0.0648
2025-04-06 02:00:00,0.0651
2025-04-06 02:05:00,0.0682
2025-04-06 02:10:00,0.0939
2025-04-06 02:15:00,0.0693
2025-04-06 02:20:00,0.0651
2025-04-06 02:25:00,0.0645
2025-04-06 02:30:00,0.0610
2025-04-06 02:35:00,0.0585
2025-04-06 02:40:00,0.0519
2025-04-06 02:45:00,0.0485
2025-04-06 02:50:00,0.0448
2025-04-06 02:55:00,0.0433
2025-04-06 03:00:00,0.0396
2025-04-06 03:05:00,0.0336
2025-04-06 03:10:00,0.0293
2025-04-06 03:15:00,0.0271
2025-04-06 03:20:00,0.0290
2025-04-06 03:25:00,0.0257
2025-04-06 03:30:00,0.0239
2025-04-06 03:35:00,0.0243
2025-04-06 03:40:00,0.0237
2025-04-06 03:45:00,0.0249
2025-04-06 03:50:00,0.0266
2025-04-06 03:55:00,0.0263
2025-04-06 04:00:00,0.0231
2025-04-06 04:05:00,0.0241
2025-04-06 04:10:00,0.0226
2025-04-06 04:15:00,0.0262
2025-04-06 04:20:00,0.0254
2025-04-06 04:25:00,0.0226
2025-04-06 04:30:00,0.0249
2025-04-06 04:35:00,0.0257
2025-04-06 04:40:00,0.0256
2025-04-06 04:45:00,0.0270
2025-04-06 04:50:00,0.0293
2025-04-06 04:55:00,0.0259
2025-04-06 05:00:00,0.0255
2025-04-06 05:05:00,0.0265
2025-04-06 05:10:00,0.0283
2025-04-06 05:15:00,0.0269
2025-04-06 05:20:00,0.0310
2025-04-06 05:25:00,0.0314
2025-04-06 05:30:00,0.0346
2025-04-06 05:35:00,0.0478
2025-04-06 05:40:00,0.0406
2025-04-06 05:45:00,0.0460
2025-04-06 05:50:00,0.0475
2025-04-06 05:55:00,0.0484
2025-04-06 06:00:00,0.0507
2025-04-06 06:05:00,0.0661
2025-04-06 06:10:00,0.0576
2025-04-06 06:15:00,0.0621
2025-04-06 06:20:00,0.0637
2025-04-06 06:25:00,0.0656
2025-04-06 06:30:00,0.0611
2025-04-06 06:35:00,0.111
2025-04-06 06:40:00,0.0709
2025-04-06 06:45:00,0.0724
2025-04-06 06:50:00,0.0736
2025-04-06 06:55:00,0.0706
2025-04-06 07:00:00,0.0618
2025-04-06 07:05:00,0.0639
2025-04-06 07:10:00,0.0591
2025-04-06 07:15:00,0.0692
2025-04-06 07:20:00,0.0527
2025-04-06 07:25:00,0.0479
2025-04-06 07:30:00,0.0421
2025-04-06 07:35:00,0.0386
2025-04-06 07:40:00,0.0278
2025-04-06 07:45:00,0.0272
2025-04-06 07:50:00,0.0249
2025-04-06 07:55:00,0.0240
2025-04-06 08:00:00,0.0223
2025-04-06 08:05:00,0.0366
2025-04-06 08:10:00,0.0227
2025-04-06 08:15:00,0.0242
2025-04-06 08:20:00,0.0267
2025-04-06 08:25:00,0.0239
2025-04-06 08:30:00,0.0252
2025-04-06 08:35:00,0.0254
2025-04-06 08:40:00,0.0217
2025-04-06 08:45:00,0.0244
2025-04-06 08:50:00,0.0277
2025-04-06 08:55:00,0.0473
2025-04-06 09:00:00,0.0232
2025-04-06 09:05:00,0.0254
2025-04-06 09:10:00,0.0224
2025-04-06 09:15:00,0.0230
2025-04-06 09:20:00,0.0281
2025-04-06 09:25:00,0.0314
2025-04-06 09:30:00,0.0353
2025-04-06 09:35:00,0.0414
2025-04-06 09:40:00,0.0450
2025-04-06 09:45:00,0.0523
2025-04-06 09:50:00,0.0595
2025-04-06 09:55:00,0.0630
2025-04-06 10:00:00,0.0922
2025-04-06 10:05:00,0.0692
2025-04-06 10:10:00,0.0608
2025-04-06 10:15:00,0.0646
2025-04-06 10:20:00,0.0651
2025-04-06 10:25:00,0.0623
2025-04-06 10:30:00,0.0643
2025-04-06 10:35:00,0.0670
2025-04-06 10:40:00,0.0606
2025-04-06 10:45:00,0.0640
2025-04-06 10:50:00,0.0606
2025-04-06 10:55:00,0.0570
2025-04-06 11:00:00,0.0516
2025-04-06 11:05:00,0.0474
2025-04-06 11:10:00,0.0942
2025-04-06 11:15:00,0.0405
2025-04-06 11:20:00,0.0396
2025-04-06 11:25:00,0.0343
2025-04-06 11:30:00,0.0298
2025-04-06 11:35:00,0.0277
2025-04-06 11:40:00,0.0256
2025-04-06 11:45:00,0.0262
2025-04-06 11:50:00,0.0265
2025-04-06 11:55:00,0.0258
2025-04-06 12:00:00,0.0242
2025-04-06 12:05:00,0.0266
2025-04-06 12:10:00,0.0245
2025-04-06 12:15:00,0.0543
2025-04-06 12:20:00,0.0254
2025-04-06 12:25:00,0.0232
2025-04-06 12:30:00,0.0255
2025-04-06 12:35:00,0.0266
2025-04-06 12:40:00,0.0237
2025-04-06 12:45:00,0.0244
2025-04-06 12:50:00,0.0442
2025-04-06 12:55:00,0.0259
2025-04-06 13:00:00,0.0245
2025-04-06 13:05:00,0.0291
2025-04-06 13:10:00,0.0254
2025-04-06 13:15:00,0.0244
2025-04-06 13:20:00,0.0310
2025-04-06 13:25:00,0.0273
2025-04-06 13:30:00,0.0402
2025-04-06 13:35:00,0.0317
2025-04-06 13:40:00,0.0268
2025-04-06 13:45:00,0.0426