"Time","Read (Disk I/O)","Write (Disk I/O)"
2025-03-27 08:05:00,0,332794
2025-03-27 08:10:00,0,349691
2025-03-27 08:15:00,0,270104
2025-03-27 08:20:00,0,283392
2025-03-27 08:25:00,0,255795
2025-03-27 08:30:00,0,275879
2025-03-27 08:35:00,0,272964
2025-03-27 08:40:00,0,366430
2025-03-27 08:45:00,0,276470
2025-03-27 08:50:00,0,270790
2025-03-27 08:55:00,0,267052
2025-03-27 09:00:00,0,281699
2025-03-27 09:05:00,0,666266
2025-03-27 09:10:00,0,343704
2025-03-27 09:15:00,0,271872
2025-03-27 09:20:00,0,271647
2025-03-27 09:25:00,0,267926
2025-03-27 09:30:00,383754,587211
2025-03-27 09:35:00,0,365885
2025-03-27 09:40:00,0,414133
2025-03-27 09:45:00,2110833,372852
2025-03-27 09:50:00,14909104,480169
2025-03-27 09:55:00,0,277357
2025-03-27 10:00:00,0,271681
2025-03-27 10:05:00,0,358356
2025-03-27 10:10:00,0,277094
2025-03-27 10:15:00,0,269602
2025-03-27 10:20:00,0,345209
2025-03-27 10:25:00,0,269419
2025-03-27 10:30:00,54.6,283397
2025-03-27 10:35:00,0,338746
2025-03-27 10:40:00,0,322574
2025-03-27 10:45:00,0,293973
2025-03-27 10:50:00,8492,280917
2025-03-27 10:55:00,27.3,425218
2025-03-27 11:00:00,0,501122
2025-03-27 11:05:00,0,773168
2025-03-27 11:10:00,0,371678
2025-03-27 11:15:00,0,352287
2025-03-27 11:20:00,0,340586
2025-03-27 11:25:00,0,361923
2025-03-27 11:30:00,0,429160
2025-03-27 11:35:00,92843,29760031
2025-03-27 11:40:00,273,995171
2025-03-27 11:45:00,109,1833202
2025-03-27 11:50:00,0,359598
2025-03-27 11:55:00,0,334046
2025-03-27 12:00:00,0,438328
2025-03-27 12:05:00,0,457110
2025-03-27 12:10:00,0,344678
2025-03-27 12:15:00,0,338340
2025-03-27 12:20:00,0,334821
2025-03-27 12:25:00,0,339145
2025-03-27 12:30:00,0,406154
2025-03-27 12:35:00,0,346313
2025-03-27 12:40:00,5161,389844
2025-03-27 12:45:00,0,342849
2025-03-27 12:50:00,0,370145
2025-03-27 12:55:00,0,345719
2025-03-27 13:00:00,0,342409
2025-03-27 13:05:00,0,2868157
2025-03-27 13:10:00,0,355502
2025-03-27 13:15:00,0,340190
2025-03-27 13:20:00,0,352939
2025-03-27 13:25:00,0,324222
2025-03-27 13:30:00,0,348116
2025-03-27 13:35:00,0,406014
2025-03-27 13:40:00,0,372490
2025-03-27 13:45:00,0,333838
2025-03-27 13:50:00,0,405641
2025-03-27 13:55:00,0,329260
2025-03-27 14:00:00,0,360434
2025-03-27 14:05:00,0,480473
2025-03-27 14:10:00,0,381515
2025-03-27 14:15:00,0,333534
2025-03-27 14:20:00,0,352700
2025-03-27 14:25:00,0,340900
2025-03-27 14:30:00,0,359038
2025-03-27 14:35:00,86699,10413541
2025-03-27 14:40:00,51910,10484303
2025-03-27 14:45:00,51910,7914672
2025-03-27 14:50:00,0,383601
2025-03-27 14:55:00,0,337927
2025-03-27 15:00:00,0,353724
2025-03-27 15:05:00,0,765358
2025-03-27 15:10:00,0,356250
2025-03-27 15:15:00,0,356219
2025-03-27 15:20:00,0,425897
2025-03-27 15:25:00,0,331916
2025-03-27 15:30:00,0,343433
2025-03-27 15:35:00,0,340473
2025-03-27 15:40:00,0,388506
2025-03-27 15:45:00,0,342651
2025-03-27 15:50:00,0,435782
2025-03-27 15:55:00,85.3,354277
2025-03-27 16:00:00,13653,372200
2025-03-27 16:05:00,721251,22904224
2025-03-27 16:10:00,0,3036525
2025-03-27 16:15:00,0,336026
2025-03-27 16:20:00,85497,27584800
2025-03-27 16:25:00,710,406808
2025-03-27 16:30:00,0,345661
2025-03-27 16:35:00,0,392585
2025-03-27 16:40:00,0,547594
2025-03-27 16:45:00,0,496674
2025-03-27 16:50:00,0,349174
2025-03-27 16:55:00,0,426537
2025-03-27 17:00:00,0,344279
2025-03-27 17:05:00,0,717394
2025-03-27 17:10:00,1666,357963
2025-03-27 17:15:00,0,339910
2025-03-27 17:20:00,0,343166
2025-03-27 17:25:00,0,371541
2025-03-27 17:30:00,0,439881
2025-03-27 17:35:00,0,336411
2025-03-27 17:40:00,0,369033
2025-03-27 17:45:00,0,328690
2025-03-27 17:50:00,0,344958
2025-03-27 17:55:00,0,327427
2025-03-27 18:00:00,0,356444
2025-03-27 18:05:00,0,504233
2025-03-27 18:10:00,0,348279
2025-03-27 18:15:00,65864,341299
2025-03-27 18:20:00,0,331066
2025-03-27 18:25:00,0,320451
2025-03-27 18:30:00,0,354004
2025-03-27 18:35:00,0,324144
2025-03-27 18:40:00,0,444131
2025-03-27 18:45:00,0,323178
2025-03-27 18:50:00,0,340559
2025-03-27 18:55:00,0,332749
2025-03-27 19:00:00,0,350106
2025-03-27 19:05:00,0,1287247
2025-03-27 19:10:00,0,438141
2025-03-27 19:15:00,0,341885
2025-03-27 19:20:00,0,344088
2025-03-27 19:25:00,0,360390
2025-03-27 19:30:00,0,339459
2025-03-27 19:35:00,0,322884
2025-03-27 19:40:00,0,368616
2025-03-27 19:45:00,0,408376
2025-03-27 19:50:00,0,387393
2025-03-27 19:55:00,0,316017
2025-03-27 20:00:00,0,589530
2025-03-27 20:05:00,0,571679
2025-03-27 20:10:00,0,335647
2025-03-27 20:15:00,0,405437
2025-03-27 20:20:00,0,353836
2025-03-27 20:25:00,0,329919
2025-03-27 20:30:00,0,361076
2025-03-27 20:35:00,0,338726
2025-03-27 20:40:00,0,388850
2025-03-27 20:45:00,0,347440
2025-03-27 20:50:00,0,432945
2025-03-27 20:55:00,0,310979
2025-03-27 21:00:00,0,320986
2025-03-27 21:05:00,0,670553
2025-03-27 21:10:00,0,300001
2025-03-27 21:15:00,0,304626
2025-03-27 21:20:00,0,310460
2025-03-27 21:25:00,0,347807
2025-03-27 21:30:00,0,305828
2025-03-27 21:35:00,0,287824
2025-03-27 21:40:00,0,331716
2025-03-27 21:45:00,0,289365
2025-03-27 21:50:00,0,289024
2025-03-27 21:55:00,0,355985
2025-03-27 22:00:00,0,294052
2025-03-27 22:05:00,0,368046
2025-03-27 22:10:00,0,297492
2025-03-27 22:15:00,0,278859
2025-03-27 22:20:00,4697,310470
2025-03-27 22:25:00,0,273555
2025-03-27 22:30:00,0,387354
2025-03-27 22:35:00,0,283416
2025-03-27 22:40:00,0,317519
2025-03-27 22:45:00,0,282965
2025-03-27 22:50:00,0,285986
2025-03-27 22:55:00,0,287587
2025-03-27 23:00:00,0,302107
2025-03-27 23:05:00,0,716908
2025-03-27 23:10:00,0,288375
2025-03-27 23:15:00,0,300749
2025-03-27 23:20:00,0,291198
2025-03-27 23:25:00,0,273456
2025-03-27 23:30:00,0,295649
2025-03-27 23:35:00,0,281808
2025-03-27 23:40:00,0,423245
2025-03-27 23:45:00,0,309777
2025-03-27 23:50:00,0,287048
2025-03-27 23:55:00,0,280562
2025-03-28 00:00:00,0,309152
2025-03-28 00:05:00,0,374139
2025-03-28 00:10:00,0,301100
2025-03-28 00:15:00,0,373770
2025-03-28 00:20:00,0,295834
2025-03-28 00:25:00,0,290106
2025-03-28 00:30:00,0,292007
2025-03-28 00:35:00,0,287252
2025-03-28 00:40:00,0,301701
2025-03-28 00:45:00,0,308064
2025-03-28 00:50:00,0,365563
2025-03-28 00:55:00,0,287959
2025-03-28 01:00:00,0,303995
2025-03-28 01:05:00,0,1301924
2025-03-28 01:10:00,0,278013
2025-03-28 01:15:00,0,296417
2025-03-28 01:20:00,0,314534
2025-03-28 01:25:00,0,330170
2025-03-28 01:30:00,0,307965
2025-03-28 01:35:00,0,296745
2025-03-28 01:40:00,0,327069
2025-03-28 01:45:00,0,294083
2025-03-28 01:50:00,0,286048
2025-03-28 01:55:00,0,381418
2025-03-28 02:00:00,0,318000
2025-03-28 02:05:00,0,410382
2025-03-28 02:10:00,0,292724
2025-03-28 02:15:00,0,293171
2025-03-28 02:20:00,0,300530
2025-03-28 02:25:00,0,289437
2025-03-28 02:30:00,0,376492
2025-03-28 02:35:00,0,284020
2025-03-28 02:40:00,0,321881
2025-03-28 02:45:00,0,293468
2025-03-28 02:50:00,0,288099
2025-03-28 02:55:00,0,287427
2025-03-28 03:00:00,0,378015
2025-03-28 03:05:00,0,636648
2025-03-28 03:10:00,0,286498
2025-03-28 03:15:00,0,280675
2025-03-28 03:20:00,0,310634
2025-03-28 03:25:00,0,280702
2025-03-28 03:30:00,0,299387
2025-03-28 03:35:00,0,348882
2025-03-28 03:40:00,0,325601
2025-03-28 03:45:00,0,295451
2025-03-28 03:50:00,0,303862
2025-03-28 03:55:00,0,292181
2025-03-28 04:00:00,0,319263
2025-03-28 04:05:00,0,357915
2025-03-28 04:10:00,0,348199
2025-03-28 04:15:00,0,276630
2025-03-28 04:20:00,0,312508
2025-03-28 04:25:00,0,261806
2025-03-28 04:30:00,0,283211
2025-03-28 04:35:00,383754,666540
2025-03-28 04:40:00,0,458102
2025-03-28 04:45:00,0,375805
2025-03-28 04:50:00,0,375347
2025-03-28 04:55:00,14908267,716895
2025-03-28 05:00:00,2109992,536098
2025-03-28 05:05:00,27.3,651674
2025-03-28 05:10:00,81.9,278630
2025-03-28 05:15:00,0,347837
2025-03-28 05:20:00,0,276122
2025-03-28 05:25:00,0,265032
2025-03-28 05:30:00,0,273299
2025-03-28 05:35:00,0,268121
2025-03-28 05:40:00,0,301814
2025-03-28 05:45:00,0,270490
2025-03-28 05:50:00,0,342089
2025-03-28 05:55:00,0,268271
2025-03-28 06:00:00,0,282467
2025-03-28 06:05:00,0,350724
2025-03-28 06:10:00,0,276597
2025-03-28 06:15:00,1420,314795
2025-03-28 06:20:00,0,270735
2025-03-28 06:25:00,0,330313
2025-03-28 06:30:00,0,278108
2025-03-28 06:35:00,0,268718
2025-03-28 06:40:00,0,297510
2025-03-28 06:45:00,0,267093
2025-03-28 06:50:00,0,284228
2025-03-28 06:55:00,0,336949
2025-03-28 07:00:00,0,275415
2025-03-28 07:05:00,7345,2886642
2025-03-28 07:10:00,273,644233
2025-03-28 07:15:00,0,264994
2025-03-28 07:20:00,0,287812
2025-03-28 07:25:00,85497,27150865
2025-03-28 07:30:00,27.3,498693
2025-03-28 07:35:00,0,263578
2025-03-28 07:40:00,0,323212
2025-03-28 07:45:00,0,272422
2025-03-28 07:50:00,0,268616
2025-03-28 07:55:00,0,268568
2025-03-28 08:00:00,0,280102
2025-03-28 08:05:00,0,430583
2025-03-28 08:10:00,0,276296
2025-03-28 08:15:00,0,263482
2025-03-28 08:20:00,0,281501
2025-03-28 08:25:00,0,256659
2025-03-28 08:30:00,0,293328
2025-03-28 08:35:00,0,338441
2025-03-28 08:40:00,0,297155
2025-03-28 08:45:00,0,297639
2025-03-28 08:50:00,57126,20111196
2025-03-28 08:55:00,28372,7510886
2025-03-28 09:00:00,0,351481
2025-03-28 09:05:00,0,763918
2025-03-28 09:10:00,0,413585
2025-03-28 09:15:00,0,321171
2025-03-28 09:20:00,0,351304
2025-03-28 09:25:00,0,321239
2025-03-28 09:30:00,0,344873
2025-03-28 09:35:00,0,345672
2025-03-28 09:40:00,0,358441
2025-03-28 09:45:00,0,398242
2025-03-28 09:50:00,0,354028
2025-03-28 09:55:00,0,327400
2025-03-28 10:00:00,0,342388
2025-03-28 10:05:00,0,408931
2025-03-28 10:10:00,0,341668
2025-03-28 10:15:00,0,325024
2025-03-28 10:20:00,0,412442
2025-03-28 10:25:00,0,333029
2025-03-28 10:30:00,0,341129
2025-03-28 10:35:00,0,405122
2025-03-28 10:40:00,85497,20330114
2025-03-28 10:45:00,0,7327283
2025-03-28 10:50:00,0,416548
2025-03-28 10:55:00,0,341586
2025-03-28 11:00:00,0,350457
2025-03-28 11:05:00,0,705454
2025-03-28 11:10:00,0,363545
2025-03-28 11:15:00,0,319630
2025-03-28 11:20:00,0,352311
2025-03-28 11:25:00,0,405031
2025-03-28 11:30:00,0,345382
2025-03-28 11:35:00,0,323785
2025-03-28 11:40:00,0,369835
2025-03-28 11:45:00,0,337050
2025-03-28 11:50:00,0,327393
2025-03-28 11:55:00,0,348023
2025-03-28 12:00:00,0,422968
2025-03-28 12:05:00,51965,15576812
2025-03-28 12:10:00,0,682025
2025-03-28 12:15:00,0,387932
2025-03-28 12:20:00,0,377880
2025-03-28 12:25:00,0,329789
2025-03-28 12:30:00,0,344767
2025-03-28 12:35:00,0,409844
2025-03-28 12:40:00,0,365469
2025-03-28 12:45:00,0,331308
2025-03-28 12:50:00,0,350768
2025-03-28 12:55:00,0,337732
2025-03-28 13:00:00,81.9,5483759
2025-03-28 13:05:00,782391,1714075
2025-03-28 13:10:00,27.3,5726744
2025-03-28 13:15:00,0,439238
2025-03-28 13:20:00,0,388485
2025-03-28 13:25:00,0,378412
2025-03-28 13:30:00,278282,45008439
2025-03-28 13:35:00,0,1557774
2025-03-28 13:40:00,27.3,25678942
2025-03-28 13:45:00,0,377450
2025-03-28 13:50:00,0,430247
2025-03-28 13:55:00,0,388369
2025-03-28 14:00:00,0,355874
2025-03-28 14:05:00,0,448744
2025-03-28 14:10:00,109,1026978
2025-03-28 14:15:00,0,346593
2025-03-28 14:20:00,0,351515
2025-03-28 14:25:00,0,338528
2025-03-28 14:30:00,0,347696
2025-03-28 14:35:00,0,342787
2025-03-28 14:40:00,0,381365
2025-03-28 14:45:00,0,404369
2025-03-28 14:50:00,0,354464
2025-03-28 14:55:00,13981,47415634
2025-03-28 15:00:00,0,348317
2025-03-28 15:05:00,0,719664
2025-03-28 15:10:00,0,360970
2025-03-28 15:15:00,0,334752
2025-03-28 15:20:00,0,432945
2025-03-28 15:25:00,0,320986
2025-03-28 15:30:00,0,358888
2025-03-28 15:35:00,0,344412
2025-03-28 15:40:00,0,384997
2025-03-28 15:45:00,0,339616
2025-03-28 15:50:00,0,422067
2025-03-28 15:55:00,0,379460
2025-03-28 16:00:00,0,356369
2025-03-28 16:05:00,0,411051
2025-03-28 16:10:00,0,345085
2025-03-28 16:15:00,0,321905
2025-03-28 16:20:00,0,341402
2025-03-28 16:25:00,0,398454
2025-03-28 16:30:00,0,350140
2025-03-28 16:35:00,0,334176
2025-03-28 16:40:00,0,371057
2025-03-28 16:45:00,0,367215
2025-03-28 16:50:00,0,356249
2025-03-28 16:55:00,0,345771
2025-03-28 17:00:00,0,456581
2025-03-28 17:05:00,0,754207
2025-03-28 17:10:00,0,342323
2025-03-28 17:15:00,0,343927
2025-03-28 17:20:00,0,342501
2025-03-28 17:25:00,0,326960
2025-03-28 17:30:00,0,351553
2025-03-28 17:35:00,0,596192
2025-03-28 17:40:00,0,578697
2025-03-28 17:45:00,0,335930
2025-03-28 17:50:00,0,357427
2025-03-28 17:55:00,0,347815
2025-03-28 18:00:00,0,354014
2025-03-28 18:05:00,0,491020
2025-03-28 18:10:00,0,348324
2025-03-28 18:15:00,0,334711
2025-03-28 18:20:00,0,360441
2025-03-28 18:25:00,0,319293
2025-03-28 18:30:00,0,353075
2025-03-28 18:35:00,0,332605
2025-03-28 18:40:00,0,366141
2025-03-28 18:45:00,0,399430
2025-03-28 18:50:00,0,353748
2025-03-28 18:55:00,0,326349
2025-03-28 19:00:00,0,340780
2025-03-28 19:05:00,0,1338334
2025-03-28 19:10:00,0,346150
2025-03-28 19:15:00,0,406414
2025-03-28 19:20:00,0,360291
2025-03-28 19:25:00,383754,677053
2025-03-28 19:30:00,0,454076
2025-03-28 19:35:00,0,444679
2025-03-28 19:40:00,257365,476204
2025-03-28 19:45:00,15732263,420745
2025-03-28 19:50:00,1028205,496628
2025-03-28 19:55:00,0,329950
2025-03-28 20:00:00,0,353277
2025-03-28 20:05:00,0,380720
2025-03-28 20:10:00,0,292468
2025-03-28 20:15:00,0,275746
2025-03-28 20:20:00,0,295018
2025-03-28 20:25:00,0,351896
2025-03-28 20:30:00,0,285515
2025-03-28 20:35:00,0,268278
2025-03-28 20:40:00,0,299762
2025-03-28 20:45:00,0,271152
2025-03-28 20:50:00,0,335124
2025-03-28 20:55:00,0,344806
2025-03-28 21:00:00,0,276361
2025-03-28 21:05:00,0,626736
2025-03-28 21:10:00,0,281979
2025-03-28 21:15:00,81.9,266011
2025-03-28 21:20:00,0,275091
2025-03-28 21:25:00,1420,403463
2025-03-28 21:30:00,0,339133
2025-03-28 21:35:00,0,256198
2025-03-28 21:40:00,383727,528092
2025-03-28 21:45:00,54.6,421516
2025-03-28 21:50:00,0,376716
2025-03-28 21:55:00,0,360407
2025-03-28 22:00:00,14390823,386864
2025-03-28 22:05:00,2632062,541350
2025-03-28 22:10:00,0,267599
2025-03-28 22:15:00,27.3,266598
2025-03-28 22:20:00,0,280245
2025-03-28 22:25:00,0,261024
2025-03-28 22:30:00,0,269036
2025-03-28 22:35:00,0,347732
2025-03-28 22:40:00,0,291512
2025-03-28 22:45:00,0,262366
2025-03-28 22:50:00,0,278740
2025-03-28 22:55:00,0,268832
2025-03-28 23:00:00,81.9,271875
2025-03-28 23:05:00,9202,700254
2025-03-28 23:10:00,6308,551298
2025-03-28 23:15:00,0,272476
2025-03-28 23:20:00,0,265213
2025-03-28 23:25:00,0,274046
2025-03-28 23:30:00,0,277825
2025-03-28 23:35:00,0,261038
2025-03-28 23:40:00,0,392132
2025-03-28 23:45:00,0,281508
2025-03-28 23:50:00,0,276405
2025-03-28 23:55:00,0,267977
2025-03-29 00:00:00,0,275773
2025-03-29 00:05:00,0,346743
2025-03-29 00:10:00,0,275337
2025-03-29 00:15:00,0,335089
2025-03-29 00:20:00,0,280074
2025-03-29 00:25:00,0,288908
2025-03-29 00:30:00,0,288591
2025-03-29 00:35:00,0,260946
2025-03-29 00:40:00,0,306603
2025-03-29 00:45:00,0,331515
2025-03-29 00:50:00,0,278047
2025-03-29 00:55:00,0,263185
2025-03-29 01:00:00,0,289328
2025-03-29 01:05:00,0,2784300
2025-03-29 01:10:00,0,275231
2025-03-29 01:15:00,0,259799
2025-03-29 01:20:00,0,354313
2025-03-29 01:25:00,0,266834
2025-03-29 01:30:00,0,276784
2025-03-29 01:35:00,0,257478
2025-03-29 01:40:00,0,299489
2025-03-29 01:45:00,0,267196
2025-03-29 01:50:00,0,276460
2025-03-29 01:55:00,0,348669
2025-03-29 02:00:00,0,292311
2025-03-29 02:05:00,0,352116
2025-03-29 02:10:00,0,270589
2025-03-29 02:15:00,0,265312
2025-03-29 02:20:00,0,278385
2025-03-29 02:25:00,0,366000
2025-03-29 02:30:00,0,291594
2025-03-29 02:35:00,0,259035
2025-03-29 02:40:00,0,309272
2025-03-29 02:45:00,0,269295
2025-03-29 02:50:00,0,280439
2025-03-29 02:55:00,0,266537
2025-03-29 03:00:00,0,351237
2025-03-29 03:05:00,0,663361
2025-03-29 03:10:00,0,282293
2025-03-29 03:15:00,0,551933
2025-03-29 03:20:00,0,279364
2025-03-29 03:25:00,0,277675
2025-03-29 03:30:00,0,262711
2025-03-29 03:35:00,0,344288
2025-03-29 03:40:00,0,303927
2025-03-29 03:45:00,0,273340
2025-03-29 03:50:00,0,272582
2025-03-29 03:55:00,0,274995
2025-03-29 04:00:00,0,280774
2025-03-29 04:05:00,0,425054
2025-03-29 04:10:00,0,283938
2025-03-29 04:15:00,0,267472
2025-03-29 04:20:00,0,268780
2025-03-29 04:25:00,0,269892
2025-03-29 04:30:00,0,315682
2025-03-29 04:35:00,0,269981
2025-03-29 04:40:00,0,308442
2025-03-29 04:45:00,0,332556
2025-03-29 04:50:00,27.3,300742
2025-03-29 04:55:00,0,267561
2025-03-29 05:00:00,0,272428
2025-03-29 05:05:00,0,656415
2025-03-29 05:10:00,0,269210
2025-03-29 05:15:00,0,272981
2025-03-29 05:20:00,0,349216
2025-03-29 05:25:00,0,264277
2025-03-29 05:30:00,0,290632
2025-03-29 05:35:00,0,261724
2025-03-29 05:40:00,0,292912
2025-03-29 05:45:00,0,277811
2025-03-29 05:50:00,0,356494
2025-03-29 05:55:00,0,269233
2025-03-29 06:00:00,0,280248
2025-03-29 06:05:00,0,356267
2025-03-29 06:10:00,0,275449
2025-03-29 06:15:00,0,262045
2025-03-29 06:20:00,0,277897
2025-03-29 06:25:00,0,345786
2025-03-29 06:30:00,0,302865
2025-03-29 06:35:00,0,274101
2025-03-29 06:40:00,0,305135
2025-03-29 06:45:00,0,269834
2025-03-29 06:50:00,0,265646
2025-03-29 06:55:00,0,274947
2025-03-29 07:00:00,0,357156
2025-03-29 07:05:00,0,1224899
2025-03-29 07:10:00,0,285764
2025-03-29 07:15:00,0,263386
2025-03-29 07:20:00,0,289434
2025-03-29 07:25:00,0,259932
2025-03-29 07:30:00,0,363774
2025-03-29 07:35:00,0,266520
2025-03-29 07:40:00,0,311159
2025-03-29 07:45:00,0,261799
2025-03-29 07:50:00,0,269418
2025-03-29 07:55:00,0,268800
2025-03-29 08:00:00,0,276401
2025-03-29 08:05:00,0,426201
2025-03-29 08:10:00,0,285218
2025-03-29 08:15:00,0,495568
2025-03-29 08:20:00,0,583380
2025-03-29 08:25:00,0,278473
2025-03-29 08:30:00,0,278385
2025-03-29 08:35:00,0,259564
2025-03-29 08:40:00,0,377677
2025-03-29 08:45:00,0,266216
2025-03-29 08:50:00,0,318897
2025-03-29 08:55:00,0,255915
2025-03-29 09:00:00,0,273695
2025-03-29 09:05:00,0,661245
2025-03-29 09:10:00,0,320787
2025-03-29 09:15:00,0,290686
2025-03-29 09:20:00,0,289618
2025-03-29 09:25:00,0,254751
2025-03-29 09:30:00,0,275391
2025-03-29 09:35:00,0,260615
2025-03-29 09:40:00,0,302316
2025-03-29 09:45:00,0,264598
2025-03-29 09:50:00,0,350667
2025-03-29 09:55:00,0,270875
2025-03-29 10:00:00,0,288980
2025-03-29 10:05:00,0,321874
2025-03-29 10:10:00,0,275541
2025-03-29 10:15:00,0,262820
2025-03-29 10:20:00,27.3,342451
2025-03-29 10:25:00,383672,622222
2025-03-29 10:30:00,0,392329
2025-03-29 10:35:00,0,423895
2025-03-29 10:40:00,2110805,503747
2025-03-29 10:45:00,14905335,833297
2025-03-29 10:50:00,0,308456
2025-03-29 10:55:00,27.3,350162
2025-03-29 11:00:00,0,277057
2025-03-29 11:05:00,0,663999
2025-03-29 11:10:00,0,311364
2025-03-29 11:15:00,0,262134
2025-03-29 11:20:00,0,282860
2025-03-29 11:25:00,0,267100
2025-03-29 11:30:00,0,344817
2025-03-29 11:35:00,0,267930
2025-03-29 11:40:00,0,312115
2025-03-29 11:45:00,0,259765
2025-03-29 11:50:00,0,282672
2025-03-29 11:55:00,0,274145
2025-03-29 12:00:00,0,272579
2025-03-29 12:05:00,0,426204
2025-03-29 12:10:00,0,284273
2025-03-29 12:15:00,0,261803
2025-03-29 12:20:00,0,275732
2025-03-29 12:25:00,0,264752
2025-03-29 12:30:00,0,285887
2025-03-29 12:35:00,0,331866
2025-03-29 12:40:00,0,311040
2025-03-29 12:45:00,0,265747
2025-03-29 12:50:00,0,285110
2025-03-29 12:55:00,0,267455
2025-03-29 13:00:00,0,277081
2025-03-29 13:05:00,0,1237937
2025-03-29 13:10:00,0,380595
2025-03-29 13:15:00,0,279129
2025-03-29 13:20:00,0,275504
2025-03-29 13:25:00,0,260345
2025-03-29 13:30:00,0,289799
2025-03-29 13:35:00,0,255665
2025-03-29 13:40:00,0,313317
2025-03-29 13:45:00,0,343598
2025-03-29 13:50:00,0,269534
2025-03-29 13:55:00,0,282501
2025-03-29 14:00:00,0,277026
2025-03-29 14:05:00,1311,402657
2025-03-29 14:10:00,6308,578113
2025-03-29 14:15:00,0,264223
2025-03-29 14:20:00,0,351118
2025-03-29 14:25:00,0,271288
2025-03-29 14:30:00,0,284771
2025-03-29 14:35:00,0,274678
2025-03-29 14:40:00,0,308029
2025-03-29 14:45:00,0,272678
2025-03-29 14:50:00,0,280392
2025-03-29 14:55:00,0,467820
2025-03-29 15:00:00,0,408781
2025-03-29 15:05:00,0,643932
2025-03-29 15:10:00,0,310596
2025-03-29 15:15:00,0,281624
2025-03-29 15:20:00,0,289147
2025-03-29 15:25:00,710,366290
2025-03-29 15:30:00,0,295339
2025-03-29 15:35:00,0,278781
2025-03-29 15:40:00,0,302128
2025-03-29 15:45:00,0,270094
2025-03-29 15:50:00,0,279559
2025-03-29 15:55:00,0,273596
2025-03-29 16:00:00,0,351766
2025-03-29 16:05:00,0,368742
2025-03-29 16:10:00,0,284081
2025-03-29 16:15:00,0,262816
2025-03-29 16:20:00,0,278637
2025-03-29 16:25:00,0,268274
2025-03-29 16:30:00,0,276794
2025-03-29 16:35:00,0,343175
2025-03-29 16:40:00,0,301404
2025-03-29 16:45:00,0,268414
2025-03-29 16:50:00,0,270237
2025-03-29 16:55:00,0,279723
2025-03-29 17:00:00,0,277620
2025-03-29 17:05:00,0,622445
2025-03-29 17:10:00,0,390717
2025-03-29 17:15:00,0,307927
2025-03-29 17:20:00,0,284972
2025-03-29 17:25:00,0,269561
2025-03-29 17:30:00,0,281491
2025-03-29 17:35:00,0,266639
2025-03-29 17:40:00,0,311610
2025-03-29 17:45:00,0,368379
2025-03-29 17:50:00,0,275661
2025-03-29 17:55:00,0,273534
2025-03-29 18:00:00,0,288328
2025-03-29 18:05:00,0,355901
2025-03-29 18:10:00,0,279436
2025-03-29 18:15:00,0,316966
2025-03-29 18:20:00,0,660570
2025-03-29 18:25:00,0,264793
2025-03-29 18:30:00,0,273705
2025-03-29 18:35:00,0,275685
2025-03-29 18:40:00,0,299800
2025-03-29 18:45:00,0,265783
2025-03-29 18:50:00,0,288241
2025-03-29 18:55:00,0,335862
2025-03-29 19:00:00,0,285194
2025-03-29 19:05:00,0,2720205
2025-03-29 19:10:00,0,318665
2025-03-29 19:15:00,0,265448
2025-03-29 19:20:00,0,274708
2025-03-29 19:25:00,0,273917
2025-03-29 19:30:00,0,361235
2025-03-29 19:35:00,0,262294
2025-03-29 19:40:00,0,319307
2025-03-29 19:45:00,0,269319
2025-03-29 19:50:00,0,271370
2025-03-29 19:55:00,0,270589
2025-03-29 20:00:00,0,283515
2025-03-29 20:05:00,0,424337
2025-03-29 20:10:00,0,287816
2025-03-29 20:15:00,0,267517
2025-03-29 20:20:00,0,275340
2025-03-29 20:25:00,0,267479
2025-03-29 20:30:00,0,279542
2025-03-29 20:35:00,901,334577
2025-03-29 20:40:00,0,320143
2025-03-29 20:45:00,0,269636
2025-03-29 20:50:00,0,281235
2025-03-29 20:55:00,0,269169
2025-03-29 21:00:00,0,279460
2025-03-29 21:05:00,0,661948
2025-03-29 21:10:00,0,388852
2025-03-29 21:15:00,0,272930
2025-03-29 21:20:00,0,278388
2025-03-29 21:25:00,0,266783
2025-03-29 21:30:00,0,281313
2025-03-29 21:35:00,0,275490
2025-03-29 21:40:00,0,357692
2025-03-29 21:45:00,0,286624
2025-03-29 21:50:00,0,274811
2025-03-29 21:55:00,0,273452
2025-03-29 22:00:00,0,281385
2025-03-29 22:05:00,0,356236
2025-03-29 22:10:00,0,280405
2025-03-29 22:15:00,0,343482
2025-03-29 22:20:00,0,281948
2025-03-29 22:25:00,0,269100
2025-03-29 22:30:00,0,284737
2025-03-29 22:35:00,0,269534
2025-03-29 22:40:00,0,307586
2025-03-29 22:45:00,0,341663
2025-03-29 22:50:00,0,274985
2025-03-29 22:55:00,0,272753
2025-03-29 23:00:00,0,290294
2025-03-29 23:05:00,0,626285
2025-03-29 23:10:00,0,315501
2025-03-29 23:15:00,0,345544
2025-03-29 23:20:00,0,287606
2025-03-29 23:25:00,0,264731
2025-03-29 23:30:00,0,279033
2025-03-29 23:35:00,0,277559
2025-03-29 23:40:00,0,323973
2025-03-29 23:45:00,0,273147
2025-03-29 23:50:00,0,356759
2025-03-29 23:55:00,0,340006
2025-03-30 00:00:00,0,495493
2025-03-30 00:05:00,0,354219
2025-03-30 00:10:00,0,281242
2025-03-30 00:15:00,1393,401835
2025-03-30 00:20:00,382307,499246
2025-03-30 00:25:00,0,428662
2025-03-30 00:30:00,0,404429
2025-03-30 00:35:00,4390931,356369
2025-03-30 00:40:00,12625893,447184
2025-03-30 00:45:00,0,278501
2025-03-30 00:50:00,0,278828
2025-03-30 00:55:00,0,266288
2025-03-30 01:00:00,0,362146
2025-03-30 01:05:00,0,1244580
2025-03-30 01:10:00,0,342342
2025-03-30 01:15:00,0,269026
2025-03-30 01:20:00,0,274245
2025-03-30 01:25:00,0,264472
2025-03-30 01:30:00,0,310494
2025-03-30 01:35:00,0,337162
2025-03-30 01:40:00,0,311484
2025-03-30 01:45:00,0,271903
2025-03-30 01:50:00,0,280450
2025-03-30 01:55:00,0,257068
2025-03-30 02:00:00,0,295257
2025-03-30 02:05:00,27.3,448758
2025-03-30 02:10:00,0,316539
2025-03-30 02:15:00,0,268315
2025-03-30 02:20:00,0,274408
2025-03-30 02:25:00,0,276197
2025-03-30 02:30:00,0,281265
2025-03-30 02:35:00,0,266885
2025-03-30 02:40:00,0,370065
2025-03-30 02:45:00,0,281754
2025-03-30 02:50:00,0,283300
2025-03-30 02:55:00,0,261076
2025-03-30 04:00:00,0,276821
2025-03-30 04:05:00,0,613888
2025-03-30 04:10:00,0,328707
2025-03-30 04:15:00,0,346394
2025-03-30 04:20:00,0,268841
2025-03-30 04:25:00,171349,311706
2025-03-30 04:30:00,0,288256
2025-03-30 04:35:00,0,262857
2025-03-30 04:40:00,0,302688
2025-03-30 04:45:00,0,273022
2025-03-30 04:50:00,0,351606
2025-03-30 04:55:00,0,272169
2025-03-30 05:00:00,0,283204
2025-03-30 05:05:00,0,350754
2025-03-30 05:10:00,0,278074
2025-03-30 05:15:00,0,264919
2025-03-30 05:20:00,0,277832
2025-03-30 05:25:00,0,337731
2025-03-30 05:30:00,0,281265
2025-03-30 05:35:00,0,266540
2025-03-30 05:40:00,0,309030
2025-03-30 05:45:00,0,269619
2025-03-30 05:50:00,0,292625
2025-03-30 05:55:00,7564,456185
2025-03-30 06:00:00,54.6,367968
2025-03-30 06:05:00,0,754410
2025-03-30 06:10:00,0,318385
2025-03-30 06:15:00,0,267424
2025-03-30 06:20:00,0,273159
2025-03-30 06:25:00,0,272640
2025-03-30 06:30:00,0,280586
2025-03-30 06:35:00,0,339345
2025-03-30 06:40:00,0,313965
2025-03-30 06:45:00,0,265885
2025-03-30 06:50:00,0,288283
2025-03-30 06:55:00,0,270691
2025-03-30 07:00:00,0,288986
2025-03-30 07:05:00,0,351276
2025-03-30 07:10:00,0,353609
2025-03-30 07:15:00,0,273876
2025-03-30 07:20:00,0,270711
2025-03-30 07:25:00,0,264448
2025-03-30 07:30:00,0,287560
2025-03-30 07:35:00,0,268694
2025-03-30 07:40:00,0,345050
2025-03-30 07:45:00,0,343547
2025-03-30 07:50:00,0,272633
2025-03-30 07:55:00,0,255034
2025-03-30 08:00:00,0,278501
2025-03-30 08:05:00,0,1194967
2025-03-30 08:10:00,0,313423
2025-03-30 08:15:00,0,260717
2025-03-30 08:20:00,0,348971
2025-03-30 08:25:00,0,263014
2025-03-30 08:30:00,0,275162
2025-03-30 08:35:00,0,268035
2025-03-30 08:40:00,0,287949
2025-03-30 08:45:00,0,265373
2025-03-30 08:50:00,0,271753
2025-03-30 08:55:00,0,356780
2025-03-30 09:00:00,0,272029
2025-03-30 09:05:00,0,355389
2025-03-30 09:10:00,0,278265
2025-03-30 09:15:00,0,260762
2025-03-30 09:20:00,0,272633
2025-03-30 09:25:00,0,342171
2025-03-30 09:30:00,0,278566
2025-03-30 09:35:00,0,273794
2025-03-30 09:40:00,0,303295
2025-03-30 09:45:00,0,265073
2025-03-30 09:50:00,0,270432
2025-03-30 09:55:00,0,311038
2025-03-30 10:00:00,0,306091
2025-03-30 10:05:00,0,650530
2025-03-30 10:10:00,0,314703
2025-03-30 10:15:00,0,262557
2025-03-30 10:20:00,0,274374
2025-03-30 10:25:00,710,320188
2025-03-30 10:30:00,0,350001
2025-03-30 10:35:00,0,267998
2025-03-30 10:40:00,0,289406
2025-03-30 10:45:00,0,275371
2025-03-30 10:50:00,0,274473
2025-03-30 10:55:00,0,261984
2025-03-30 11:00:00,0,286266
2025-03-30 11:05:00,0,431252
2025-03-30 11:10:00,0,726596
2025-03-30 11:15:00,0,366776
2025-03-30 11:20:00,0,278429
2025-03-30 11:25:00,0,264946
2025-03-30 11:30:00,0,277077
2025-03-30 11:35:00,0,346255
2025-03-30 11:40:00,0,367037
2025-03-30 11:45:00,0,258212
2025-03-30 11:50:00,0,278207
2025-03-30 11:55:00,0,271326
2025-03-30 12:00:00,0,266250
2025-03-30 12:05:00,0,638259
2025-03-30 12:10:00,0,393853
2025-03-30 12:15:00,0,267005
2025-03-30 12:20:00,0,267240
2025-03-30 12:25:00,0,276193
2025-03-30 12:30:00,0,270677
2025-03-30 12:35:00,0,260400
2025-03-30 12:40:00,0,301527
2025-03-30 12:45:00,0,346568
2025-03-30 12:50:00,0,266042
2025-03-30 12:55:00,0,273220
2025-03-30 13:00:00,0,282846
2025-03-30 13:05:00,0,348604
2025-03-30 13:10:00,0,273073
2025-03-30 13:15:00,0,276197
2025-03-30 13:20:00,0,349588
2025-03-30 13:25:00,0,258908
2025-03-30 13:30:00,0,292874
2025-03-30 13:35:00,0,262038
2025-03-30 13:40:00,0,313436
2025-03-30 13:45:00,0,263212
2025-03-30 13:50:00,0,278101
2025-03-30 13:55:00,0,346520
2025-03-30 14:00:00,0,277364
2025-03-30 14:05:00,0,2688116
2025-03-30 14:10:00,0,318706
2025-03-30 14:15:00,0,275954
2025-03-30 14:20:00,0,265810
2025-03-30 14:25:00,0,333764
2025-03-30 14:30:00,0,280655
2025-03-30 14:35:00,0,267121
2025-03-30 14:40:00,0,312037
2025-03-30 14:45:00,1393,334275
2025-03-30 14:50:00,382307,566349
2025-03-30 14:55:00,0,374804
2025-03-30 15:00:00,0,442527
2025-03-30 15:05:00,2110805,556107
2025-03-30 15:10:00,14906974,832437
2025-03-30 15:15:00,0,332694
2025-03-30 15:20:00,0,272097
2025-03-30 15:25:00,0,266387
2025-03-30 15:30:00,0,275842
2025-03-30 15:35:00,0,346578
2025-03-30 15:40:00,0,299571
2025-03-30 15:45:00,0,264567
2025-03-30 15:50:00,0,278436
2025-03-30 15:55:00,0,401473
2025-03-30 16:00:00,0,403183
2025-03-30 16:05:00,0,628418
2025-03-30 16:10:00,7568,504415
2025-03-30 16:15:00,54.6,445280
2025-03-30 16:20:00,0,292646
2025-03-30 16:25:00,0,310842
2025-03-30 16:30:00,0,270667
2025-03-30 16:35:00,0,262574
2025-03-30 16:40:00,0,375755
2025-03-30 16:45:00,0,270657
2025-03-30 16:50:00,0,273568
2025-03-30 16:55:00,0,260635
2025-03-30 17:00:00,0,289516
2025-03-30 17:05:00,0,348477
2025-03-30 17:10:00,0,361467
2025-03-30 17:15:00,0,268271
2025-03-30 17:20:00,0,278863
2025-03-30 17:25:00,0,267080
2025-03-30 17:30:00,0,278487
2025-03-30 17:35:00,0,265984
2025-03-30 17:40:00,0,299715
2025-03-30 17:45:00,0,346076
2025-03-30 17:50:00,0,268332
2025-03-30 17:55:00,0,267578
2025-03-30 18:00:00,0,279265
2025-03-30 18:05:00,0,666317
2025-03-30 18:10:00,0,280416
2025-03-30 18:15:00,0,267694
2025-03-30 18:20:00,0,350706
2025-03-30 18:25:00,0,321242
2025-03-30 18:30:00,0,290625
2025-03-30 18:35:00,0,268909
2025-03-30 18:40:00,0,295434
2025-03-30 18:45:00,0,266588
2025-03-30 18:50:00,0,271715
2025-03-30 18:55:00,0,325118
2025-03-30 19:00:00,0,332762
2025-03-30 19:05:00,0,350522
2025-03-30 19:10:00,0,290536
2025-03-30 19:15:00,0,265807
2025-03-30 19:20:00,0,271961
2025-03-30 19:25:00,0,274097
2025-03-30 19:30:00,0,332242
2025-03-30 19:35:00,0,290215
2025-03-30 19:40:00,0,299790
2025-03-30 19:45:00,0,268114
2025-03-30 19:50:00,0,277187
2025-03-30 19:55:00,0,269626
2025-03-30 20:00:00,0,274668
2025-03-30 20:05:00,0,1300168
2025-03-30 20:10:00,0,276347
2025-03-30 20:15:00,0,270831
2025-03-30 20:20:00,0,283044
2025-03-30 20:25:00,0,283675
2025-03-30 20:30:00,0,293253
2025-03-30 20:35:00,0,271548
2025-03-30 20:40:00,0,398177
2025-03-30 20:45:00,0,261379
2025-03-30 20:50:00,0,284279
2025-03-30 20:55:00,0,258215
2025-03-30 21:00:00,0,282877
2025-03-30 21:05:00,0,355854
2025-03-30 21:10:00,0,272121
2025-03-30 21:15:00,0,343233
2025-03-30 21:20:00,0,282938
2025-03-30 21:25:00,0,264120
2025-03-30 21:30:00,0,278873
2025-03-30 21:35:00,0,267745
2025-03-30 21:40:00,0,292024
2025-03-30 21:45:00,0,277982
2025-03-30 21:50:00,0,351763
2025-03-30 21:55:00,0,333128
2025-03-30 22:00:00,0,562941
2025-03-30 22:05:00,0,676110
2025-03-30 22:10:00,0,278347
2025-03-30 22:15:00,0,284150
2025-03-30 22:20:00,0,275978
2025-03-30 22:25:00,0,324784
2025-03-30 22:30:00,0,319171
2025-03-30 22:35:00,0,267343
2025-03-30 22:40:00,0,292884
2025-03-30 22:45:00,0,275504
2025-03-30 22:50:00,0,275538
2025-03-30 22:55:00,0,332740
2025-03-30 23:00:00,0,285815
2025-03-30 23:05:00,0,348798
2025-03-30 23:10:00,0,283331
2025-03-30 23:15:00,0,267192
2025-03-30 23:20:00,0,287652
2025-03-30 23:25:00,0,268151
2025-03-30 23:30:00,0,351012
2025-03-30 23:35:00,0,259529
2025-03-30 23:40:00,0,305859
2025-03-30 23:45:00,0,275166
2025-03-30 23:50:00,0,265868
2025-03-30 23:55:00,0,265680
2025-03-31 00:00:00,0,334921
2025-03-31 00:05:00,0,632457
2025-03-31 00:10:00,0,286013
2025-03-31 00:15:00,0,267657
2025-03-31 00:20:00,0,271698
2025-03-31 00:25:00,0,277473
2025-03-31 00:30:00,0,324215
2025-03-31 00:35:00,0,346322
2025-03-31 00:40:00,0,319546
2025-03-31 00:45:00,0,275517
2025-03-31 00:50:00,0,282153
2025-03-31 00:55:00,0,271343
2025-03-31 01:00:00,0,285263
2025-03-31 01:05:00,0,432546
2025-03-31 01:10:00,0,274736
2025-03-31 01:15:00,0,268059
2025-03-31 01:20:00,0,270643
2025-03-31 01:25:00,0,278190
2025-03-31 01:30:00,0,285164
2025-03-31 01:35:00,0,268803
2025-03-31 01:40:00,0,385534
2025-03-31 01:45:00,0,266011
2025-03-31 01:50:00,0,279108
2025-03-31 01:55:00,0,264356
2025-03-31 02:00:00,0,283180
2025-03-31 02:05:00,0,1272378
2025-03-31 02:10:00,0,312682
2025-03-31 02:15:00,0,567926
2025-03-31 02:20:00,0,298875
2025-03-31 02:25:00,0,277214
2025-03-31 02:30:00,0,313050
2025-03-31 02:35:00,0,268592
2025-03-31 02:40:00,0,289393
2025-03-31 02:45:00,0,341608
2025-03-31 02:50:00,0,280760
2025-03-31 02:55:00,0,259140
2025-03-31 03:00:00,0,285604
2025-03-31 03:05:00,0,353911
2025-03-31 03:10:00,0,282388
2025-03-31 03:15:00,0,272551
2025-03-31 03:20:00,0,373702
2025-03-31 03:25:00,0,263124
2025-03-31 03:30:00,0,287618
2025-03-31 03:35:00,72554,23603681
2025-03-31 03:40:00,27.3,9168923
2025-03-31 03:45:00,0,271964
2025-03-31 03:50:00,0,289925
2025-03-31 03:55:00,0,345800
2025-03-31 04:00:00,0,280282
2025-03-31 04:05:00,0,642925
2025-03-31 04:10:00,0,291908
2025-03-31 04:15:00,0,274715
2025-03-31 04:20:00,0,260871
2025-03-31 04:25:00,710,295608
2025-03-31 04:30:00,0,366341
2025-03-31 04:35:00,0,269036
2025-03-31 04:40:00,0,334316
2025-03-31 04:45:00,0,279958
2025-03-31 04:50:00,0,295352
2025-03-31 04:55:00,383700,579197
2025-03-31 05:00:00,0,378109
2025-03-31 05:05:00,0,498437
2025-03-31 05:10:00,257365,388253
2025-03-31 05:15:00,16748344,380809
2025-03-31 05:20:00,11059,336995
2025-03-31 05:25:00,0,270479
2025-03-31 05:30:00,0,281180
2025-03-31 05:35:00,0,267988
2025-03-31 05:40:00,0,331494
2025-03-31 05:45:00,0,317587
2025-03-31 05:50:00,0,274384
2025-03-31 05:55:00,0,273398
2025-03-31 06:00:00,0,280689
2025-03-31 06:05:00,0,679427
2025-03-31 06:10:00,0,272736
2025-03-31 06:15:00,81.9,349984
2025-03-31 06:20:00,0,284406
2025-03-31 06:25:00,0,265619
2025-03-31 06:30:00,0,279224
2025-03-31 06:35:00,0,264271
2025-03-31 06:40:00,0,317546
2025-03-31 06:45:00,0,293670
2025-03-31 06:50:00,0,354582
2025-03-31 06:55:00,0,271336
2025-03-31 07:00:00,0,282764
2025-03-31 07:05:00,0,359400
2025-03-31 07:10:00,0,267264
2025-03-31 07:15:00,0,274811
2025-03-31 07:20:00,0,295211
2025-03-31 07:25:00,0,318051
2025-03-31 07:30:00,0,281064
2025-03-31 07:35:00,0,265909
2025-03-31 07:40:00,0,316256
2025-03-31 07:45:00,7564,469719
2025-03-31 07:50:00,54.6,363820
2025-03-31 07:55:00,0,343595
2025-03-31 08:00:00,0,284148
2025-03-31 08:05:00,27.3,2738396
2025-03-31 08:10:00,0,348450
2025-03-31 08:15:00,0,329144
2025-03-31 08:20:00,0,330684
2025-03-31 08:25:00,0,345791
2025-03-31 08:30:00,0,425102
2025-03-31 08:35:00,0,323243
2025-03-31 08:40:00,0,375197
2025-03-31 08:45:00,0,358141
2025-03-31 08:50:00,0,342647
2025-03-31 08:55:00,0,319270
2025-03-31 09:00:00,0,343549
2025-03-31 09:05:00,0,514289
2025-03-31 09:10:00,0,343982
2025-03-31 09:15:00,0,327752
2025-03-31 09:20:00,0,351918
2025-03-31 09:25:00,0,340931
2025-03-31 09:30:00,0,339333
2025-03-31 09:35:00,0,329854
2025-03-31 09:40:00,0,457296
2025-03-31 09:45:00,0,322946
2025-03-31 09:50:00,0,351642
2025-03-31 09:55:00,0,331254
2025-03-31 10:00:00,0,351293
2025-03-31 10:05:00,0,728371
2025-03-31 10:10:00,0,434010
2025-03-31 10:15:00,0,329766
2025-03-31 10:20:00,0,341091
2025-03-31 10:25:00,0,336213
2025-03-31 10:30:00,0,343736
2025-03-31 10:35:00,0,331322
2025-03-31 10:40:00,0,377498
2025-03-31 10:45:00,0,438014
2025-03-31 10:50:00,0,359339
2025-03-31 10:55:00,0,344156
2025-03-31 11:00:00,0,346921
2025-03-31 11:05:00,0,419779
2025-03-31 11:10:00,0,347989
2025-03-31 11:15:00,0,333909
2025-03-31 11:20:00,0,421012
2025-03-31 11:25:00,0,332203
2025-03-31 11:30:00,0,355232
2025-03-31 11:35:00,0,393564
2025-03-31 11:40:00,0,369678
2025-03-31 11:45:00,0,343279
2025-03-31 11:50:00,0,386422
2025-03-31 11:55:00,0,353731
2025-03-31 12:00:00,0,342040
2025-03-31 12:05:00,0,690555
2025-03-31 12:10:00,0,341084
2025-03-31 12:15:00,0,332534
2025-03-31 12:20:00,0,365636
2025-03-31 12:25:00,0,409363
2025-03-31 12:30:00,0,359834
2025-03-31 12:35:00,0,323427
2025-03-31 12:40:00,0,378522
2025-03-31 12:45:00,0,362889
2025-03-31 12:50:00,0,333885
2025-03-31 12:55:00,0,380542
2025-03-31 13:00:00,0,912696
2025-03-31 13:05:00,0,443283
2025-03-31 13:10:00,0,349245
2025-03-31 13:15:00,480679,345556
2025-03-31 13:20:00,0,344190
2025-03-31 13:25:00,0,323980
2025-03-31 13:30:00,2840,367281
2025-03-31 13:35:00,0,412186
2025-03-31 13:40:00,0,386178
2025-03-31 13:45:00,0,341726
2025-03-31 13:50:00,0,348921
2025-03-31 13:55:00,0,381041
2025-03-31 14:00:00,0,355301
2025-03-31 14:05:00,0,1306545
2025-03-31 14:10:00,0,418565
2025-03-31 14:15:00,0,324014
2025-03-31 14:20:00,0,338930
2025-03-31 14:25:00,27880,65063875
2025-03-31 14:30:00,27.3,30594062
2025-03-31 14:35:00,0,340248
2025-03-31 14:40:00,0,393486
2025-03-31 14:45:00,13926,21518932
2025-03-31 14:50:00,27.3,26434423
2025-03-31 14:55:00,0,341309
2025-03-31 15:00:00,0,351567
2025-03-31 15:05:00,0,410102
2025-03-31 15:10:00,0,356632
2025-03-31 15:15:00,0,397870
2025-03-31 15:20:00,0,344709
2025-03-31 15:25:00,0,331660
2025-03-31 15:30:00,0,371166
2025-03-31 15:35:00,0,319508
2025-03-31 15:40:00,0,363892
2025-03-31 15:45:00,0,329236
2025-03-31 15:50:00,0,414906
2025-03-31 15:55:00,0,331899
2025-03-31 16:00:00,0,350536
2025-03-31 16:05:00,0,724760
2025-03-31 16:10:00,0,342026
2025-03-31 16:15:00,0,329868
2025-03-31 16:20:00,0,433300
2025-03-31 16:25:00,0,340634
2025-03-31 16:30:00,0,340292
2025-03-31 16:35:00,0,335415
2025-03-31 16:40:00,0,382771
2025-03-31 16:45:00,0,366493
2025-03-31 16:50:00,0,351440
2025-03-31 16:55:00,0,393463
2025-03-31 17:00:00,0,347563
2025-03-31 17:05:00,0,410283
2025-03-31 17:10:00,0,343344
2025-03-31 17:15:00,0,324611
2025-03-31 17:20:00,0,359649
2025-03-31 17:25:00,383700,707709
2025-03-31 17:30:00,0,480135
2025-03-31 17:35:00,0,438378
2025-03-31 17:40:00,0,485161
2025-03-31 17:45:00,14384870,659975
2025-03-31 17:50:00,2632144,736191
2025-03-31 17:55:00,0,343934
2025-03-31 18:00:00,0,348450
2025-03-31 18:05:00,0,807415
2025-03-31 18:10:00,0,357475
2025-03-31 18:15:00,0,327479
2025-03-31 18:20:00,0,344139
2025-03-31 18:25:00,0,340306
2025-03-31 18:30:00,0,349676
2025-03-31 18:35:00,0,443054
2025-03-31 18:40:00,0,368517
2025-03-31 18:45:00,7619,625309
2025-03-31 18:50:00,0,357717
2025-03-31 18:55:00,0,329711
2025-03-31 19:00:00,0,351136
2025-03-31 19:05:00,0,415328
2025-03-31 19:10:00,0,450272
2025-03-31 19:15:00,0,319293
2025-03-31 19:20:00,0,343023
2025-03-31 19:25:00,0,337616
2025-03-31 19:30:00,0,336920
2025-03-31 19:35:00,0,321539
2025-03-31 19:40:00,0,452422
2025-03-31 19:45:00,0,343276
2025-03-31 19:50:00,0,345003
2025-03-31 19:55:00,0,354058
2025-03-31 20:00:00,0,356058
2025-03-31 20:05:00,0,1306464
2025-03-31 20:10:00,0,288010
2025-03-31 20:15:00,0,350080
2025-03-31 20:20:00,0,275661
2025-03-31 20:25:00,0,267947
2025-03-31 20:30:00,0,288526
2025-03-31 20:35:00,0,265619
2025-03-31 20:40:00,0,304043
2025-03-31 20:45:00,0,283423
2025-03-31 20:50:00,0,346984
2025-03-31 20:55:00,0,266240
2025-03-31 21:00:00,0,291376
2025-03-31 21:05:00,0,342675
2025-03-31 21:10:00,0,282395
2025-03-31 21:15:00,0,271432
2025-03-31 21:20:00,0,340847
2025-03-31 21:25:00,0,284593
2025-03-31 21:30:00,0,276285
2025-03-31 21:35:00,0,262683
2025-03-31 21:40:00,0,310897
2025-03-31 21:45:00,0,267329
2025-03-31 21:50:00,0,278115
2025-03-31 21:55:00,0,361221
2025-03-31 22:00:00,0,294758
2025-03-31 22:05:00,0,662688
2025-03-31 22:10:00,0,290243
2025-03-31 22:15:00,0,257594
2025-03-31 22:20:00,0,271281
2025-03-31 22:25:00,710,293550
2025-03-31 22:30:00,0,370980
2025-03-31 22:35:00,0,269701
2025-03-31 22:40:00,0,305179
2025-03-31 22:45:00,0,265926
2025-03-31 22:50:00,0,281702
2025-03-31 22:55:00,0,260011
2025-03-31 23:00:00,0,350619
2025-03-31 23:05:00,0,361684
2025-03-31 23:10:00,0,284662
2025-03-31 23:15:00,0,276777
2025-03-31 23:20:00,0,272312
2025-03-31 23:25:00,0,266083
2025-03-31 23:30:00,0,282027
2025-03-31 23:35:00,0,363109
2025-03-31 23:40:00,0,303322
2025-03-31 23:45:00,0,275060
2025-03-31 23:50:00,0,273514
2025-03-31 23:55:00,0,287143
2025-04-01 00:00:00,0,298441
2025-04-01 00:05:00,0,704845
2025-04-01 00:10:00,0,285249
2025-04-01 00:15:00,0,265438
2025-04-01 00:20:00,0,276074
2025-04-01 00:25:00,0,268984
2025-04-01 00:30:00,0,290284
2025-04-01 00:35:00,0,344815
2025-04-01 00:40:00,0,496090
2025-04-01 00:45:00,0,460489
2025-04-01 00:50:00,0,281716
2025-04-01 00:55:00,0,278982
2025-04-01 01:00:00,0,286095
2025-04-01 01:05:00,0,367002
2025-04-01 01:10:00,0,336997
2025-04-01 01:15:00,0,298182
2025-04-01 01:20:00,0,288474
2025-04-01 01:25:00,0,275466
2025-04-01 01:30:00,0,287942
2025-04-01 01:35:00,0,257545
2025-04-01 01:40:00,0,305891
2025-04-01 01:45:00,0,350595
2025-04-01 01:50:00,0,276896
2025-04-01 01:55:00,0,298622
2025-04-01 02:00:00,0,310477
2025-04-01 02:05:00,0,2815133
2025-04-01 02:10:00,0,272029
2025-04-01 02:15:00,0,274855
2025-04-01 02:20:00,0,343892
2025-04-01 02:25:00,0,262219
2025-04-01 02:30:00,0,280211
2025-04-01 02:35:00,0,268609
2025-04-01 02:40:00,0,308975
2025-04-01 02:45:00,0,265452
2025-04-01 02:50:00,0,287452
2025-04-01 02:55:00,0,332223
2025-04-01 03:00:00,0,280839
2025-04-01 03:05:00,0,353232
2025-04-01 03:10:00,0,278518
2025-04-01 03:15:00,0,262813
2025-04-01 03:20:00,0,270589
2025-04-01 03:25:00,0,367879
2025-04-01 03:30:00,0,278074
2025-04-01 03:35:00,0,269175
2025-04-01 03:40:00,0,317737
2025-04-01 03:45:00,0,262448
2025-04-01 03:50:00,0,276907
2025-04-01 03:55:00,0,263045
2025-04-01 04:00:00,0,393552
2025-04-01 04:05:00,0,641847
2025-04-01 04:10:00,0,279276
2025-04-01 04:15:00,0,288877
2025-04-01 04:20:00,0,278187
2025-04-01 04:25:00,0,263216
2025-04-01 04:30:00,0,271227
2025-04-01 04:35:00,0,339639
2025-04-01 04:40:00,0,300786
2025-04-01 04:45:00,0,267667
2025-04-01 04:50:00,0,273886
2025-04-01 04:55:00,0,259973
2025-04-01 05:00:00,0,274876
2025-04-01 05:05:00,0,341712
2025-04-01 05:10:00,0,356811
2025-04-01 05:15:00,0,272333
2025-04-01 05:20:00,0,273391
2025-04-01 05:25:00,0,264332
2025-04-01 05:30:00,0,276350
2025-04-01 05:35:00,0,258038
2025-04-01 05:40:00,0,372550
2025-04-01 05:45:00,0,270490
2025-04-01 05:50:00,0,275094
2025-04-01 05:55:00,0,269643
2025-04-01 06:00:00,0,576150
2025-04-01 06:05:00,0,793907
2025-04-01 06:10:00,0,270592
2025-04-01 06:15:00,0,339949
2025-04-01 06:20:00,0,330039
2025-04-01 06:25:00,0,260113
2025-04-01 06:30:00,0,284162
2025-04-01 06:35:00,383645,487223
2025-04-01 06:40:00,54.6,458249
2025-04-01 06:45:00,0,354284
2025-04-01 06:50:00,0,454770
2025-04-01 06:55:00,13200853,390816
2025-04-01 07:00:00,3811956,410740
2025-04-01 07:05:00,0,353946
2025-04-01 07:10:00,0,285454
2025-04-01 07:15:00,0,280627
2025-04-01 07:20:00,0,286188
2025-04-01 07:25:00,0,331467
2025-04-01 07:30:00,0,287273
2025-04-01 07:35:00,81.9,269585
2025-04-01 07:40:00,0,307279
2025-04-01 07:45:00,0,268479
2025-04-01 07:50:00,0,276770
2025-04-01 07:55:00,0,331511
2025-04-01 08:00:00,0,321922
2025-04-01 08:05:00,27.3,1225127
2025-04-01 08:10:00,0,340869
2025-04-01 08:15:00,0,329110
2025-04-01 08:20:00,0,353362
2025-04-01 08:25:00,0,372434
2025-04-01 08:30:00,0,374746
2025-04-01 08:35:00,0,327206
2025-04-01 08:40:00,0,369879
2025-04-01 08:45:00,0,329339
2025-04-01 08:50:00,0,346385
2025-04-01 08:55:00,0,325260
2025-04-01 09:00:00,0,410902
2025-04-01 09:05:00,0,445075
2025-04-01 09:10:00,0,354690
2025-04-01 09:15:00,0,328264
2025-04-01 09:20:00,0,348539
2025-04-01 09:25:00,0,335049
2025-04-01 09:30:00,0,352479
2025-04-01 09:35:00,0,420660
2025-04-01 09:40:00,0,371606
2025-04-01 09:45:00,0,336968
2025-04-01 09:50:00,0,338872
2025-04-01 09:55:00,0,327287
2025-04-01 10:00:00,0,346627
2025-04-01 10:05:00,0,764372
2025-04-01 10:10:00,0,431457
2025-04-01 10:15:00,0,349211
2025-04-01 10:20:00,0,364425
2025-04-01 10:25:00,0,330865
2025-04-01 10:30:00,0,349710
2025-04-01 10:35:00,0,334493
2025-04-01 10:40:00,0,378801
2025-04-01 10:45:00,0,424245
2025-04-01 10:50:00,0,363544
2025-04-01 10:55:00,0,312231
2025-04-01 11:00:00,0,353085
2025-04-01 11:05:00,0,409928
2025-04-01 11:10:00,0,355164
2025-04-01 11:15:00,0,415739
2025-04-01 11:20:00,0,349696
2025-04-01 11:25:00,0,341733
2025-04-01 11:30:00,0,358653
2025-04-01 11:35:00,0,411163
2025-04-01 11:40:00,0,383454
2025-04-01 11:45:00,0,329380
2025-04-01 11:50:00,0,2298336
2025-04-01 11:55:00,0,347699
2025-04-01 12:00:00,1311,390065
2025-04-01 12:05:00,6308,959116
2025-04-01 12:10:00,0,352007
2025-04-01 12:15:00,0,328240
2025-04-01 12:20:00,0,359100
2025-04-01 12:25:00,0,402461
2025-04-01 12:30:00,0,354591
2025-04-01 12:35:00,0,329182
2025-04-01 12:40:00,0,367862
2025-04-01 12:45:00,0,345719
2025-04-01 12:50:00,0,340016
2025-04-01 12:55:00,0,337889
2025-04-01 13:00:00,0,440468
2025-04-01 13:05:00,0,417201
2025-04-01 13:10:00,0,339828
2025-04-01 13:15:00,0,339173
2025-04-01 13:20:00,0,336019
2025-04-01 13:25:00,0,333189
2025-04-01 13:30:00,0,364182
2025-04-01 13:35:00,0,400130
2025-04-01 13:40:00,0,409382
2025-04-01 13:45:00,0,769792
2025-04-01 13:50:00,0,630579
2025-04-01 13:55:00,0,1249881
2025-04-01 14:00:00,0,1603181
2025-04-01 14:05:00,0,1625332
2025-04-01 14:10:00,0,480126
2025-04-01 14:15:00,0,425510
2025-04-01 14:20:00,0,342883
2025-04-01 14:25:00,0,328329
2025-04-01 14:30:00,0,359219
2025-04-01 14:35:00,0,313924
2025-04-01 14:40:00,0,458423
2025-04-01 14:45:00,0,336848
2025-04-01 14:50:00,0,603235
2025-04-01 14:55:00,0,362609
2025-04-01 15:00:00,0,384751
2025-04-01 15:05:00,0,415567
2025-04-01 15:10:00,0,345231
2025-04-01 15:15:00,0,415889
2025-04-01 15:20:00,0,353242
2025-04-01 15:25:00,0,324919
2025-04-01 15:30:00,0,352287
2025-04-01 15:35:00,0,641529
2025-04-01 15:40:00,0,835082
2025-04-01 15:45:00,0,485835
2025-04-01 15:50:00,0,552458
2025-04-01 15:55:00,0,366070
2025-04-01 16:00:00,0,370009
2025-04-01 16:05:00,0,826699
2025-04-01 16:10:00,0,382423
2025-04-01 16:15:00,0,362127
2025-04-01 16:20:00,0,468041
2025-04-01 16:25:00,0,369654
2025-04-01 16:30:00,0,388270
2025-04-01 16:35:00,0,399159
2025-04-01 16:40:00,0,899499
2025-04-01 16:45:00,0,435306
2025-04-01 16:50:00,0,469734
2025-04-01 16:55:00,0,372446
2025-04-01 17:00:00,0,366363
2025-04-01 17:05:00,0,446679
2025-04-01 17:10:00,0,365892
2025-04-01 17:15:00,0,356383
2025-04-01 17:20:00,0,383584
2025-04-01 17:25:00,0,432847
2025-04-01 17:30:00,0,367360
2025-04-01 17:35:00,0,358687
2025-04-01 17:40:00,0,407996
2025-04-01 17:45:00,0,354383
2025-04-01 17:50:00,0,413454
2025-04-01 17:55:00,0,427853
2025-04-01 18:00:00,0,391212
2025-04-01 18:05:00,0,818883
2025-04-01 18:10:00,0,374907
2025-04-01 18:15:00,0,372289
2025-04-01 18:20:00,0,8767348
2025-04-01 18:25:00,0,1243177
2025-04-01 18:30:00,0,533922
2025-04-01 18:35:00,300,509703
2025-04-01 18:40:00,159225,417874
2025-04-01 18:45:00,0,383935
2025-04-01 18:50:00,1830,397875
2025-04-01 18:55:00,0,445686
2025-04-01 19:00:00,0,391646
2025-04-01 19:05:00,0,668938
2025-04-01 19:10:00,0,445563
2025-04-01 19:15:00,0,435883
2025-04-01 19:20:00,0,394929
2025-04-01 19:25:00,0,395414
2025-04-01 19:30:00,0,378658
2025-04-01 19:35:00,0,374084
2025-04-01 19:40:00,0,507203
2025-04-01 19:45:00,0,381054
2025-04-01 19:50:00,383618,705002
2025-04-01 19:55:00,54.6,514966
2025-04-01 20:00:00,0,482280
2025-04-01 20:05:00,0,3130959
2025-04-01 20:10:00,14384952,741683
2025-04-01 20:15:00,2629025,744983
2025-04-01 20:20:00,0,334133
2025-04-01 20:25:00,0,314672
2025-04-01 20:30:00,0,339524
2025-04-01 20:35:00,0,311006
2025-04-01 20:40:00,0,350662
2025-04-01 20:45:00,54.6,326567
2025-04-01 20:50:00,0,414015
2025-04-01 20:55:00,0,318365
2025-04-01 21:00:00,0,332353
2025-04-01 21:05:00,0,433261
2025-04-01 21:10:00,0,316983
2025-04-01 21:15:00,0,344614
2025-04-01 21:20:00,0,323284
2025-04-01 21:25:00,0,394388
2025-04-01 21:30:00,710,462295
2025-04-01 21:35:00,0,323451
2025-04-01 21:40:00,0,343231
2025-04-01 21:45:00,0,345105
2025-04-01 21:50:00,383700,627427
2025-04-01 21:55:00,0,489689
2025-04-01 22:00:00,0,426472
2025-04-01 22:05:00,1557327,872861
2025-04-01 22:10:00,15450786,439122
2025-04-01 22:15:00,12179,387277
2025-04-01 22:20:00,0,322096
2025-04-01 22:25:00,0,328554
2025-04-01 22:30:00,0,404878
2025-04-01 22:35:00,0,312822
2025-04-01 22:40:00,0,357721
2025-04-01 22:45:00,0,314924
2025-04-01 22:50:00,0,325762
2025-04-01 22:55:00,0,320263
2025-04-01 23:00:00,7946,421958
2025-04-01 23:05:00,6362,691459
2025-04-01 23:10:00,0,332271
2025-04-01 23:15:00,0,324441
2025-04-01 23:20:00,0,333104
2025-04-01 23:25:00,0,313344
2025-04-01 23:30:00,0,329513
2025-04-01 23:35:00,0,436676
2025-04-01 23:40:00,0,351522
2025-04-01 23:45:00,0,319464
2025-04-01 23:50:00,0,334271
2025-04-01 23:55:00,0,312358
2025-04-02 00:00:00,0,331213
2025-04-02 00:05:00,0,775822
2025-04-02 00:10:00,0,406356
2025-04-02 00:15:00,0,321587
2025-04-02 00:20:00,0,332134
2025-04-02 00:25:00,0,313020
2025-04-02 00:30:00,0,340794
2025-04-02 00:35:00,0,318239
2025-04-02 00:40:00,0,437734
2025-04-02 00:45:00,0,333408
2025-04-02 00:50:00,0,335421
2025-04-02 00:55:00,0,318348
2025-04-02 01:00:00,0,337698
2025-04-02 01:05:00,0,397650
2025-04-02 01:10:00,0,335968
2025-04-02 01:15:00,0,391368
2025-04-02 01:20:00,0,342436
2025-04-02 01:25:00,0,311665
2025-04-02 01:30:00,0,336319
2025-04-02 01:35:00,0,358567
2025-04-02 01:40:00,0,349184
2025-04-02 01:45:00,0,323403
2025-04-02 01:50:00,0,408264
2025-04-02 01:55:00,0,322813
2025-04-02 02:00:00,0,338388
2025-04-02 02:05:00,0,1476212
2025-04-02 02:10:00,0,330151
2025-04-02 02:15:00,0,321157
2025-04-02 02:20:00,0,397443
2025-04-02 02:25:00,0,323096
2025-04-02 02:30:00,0,337541
2025-04-02 02:35:00,0,312849
2025-04-02 02:40:00,0,354478
2025-04-02 02:45:00,0,328042
2025-04-02 02:50:00,0,324895
2025-04-02 02:55:00,0,386466
2025-04-02 03:00:00,0,339985
2025-04-02 03:05:00,0,403883
2025-04-02 03:10:00,27.3,336275
2025-04-02 03:15:00,0,326117
2025-04-02 03:20:00,0,327455
2025-04-02 03:25:00,0,389181
2025-04-02 03:30:00,0,690900
2025-04-02 03:35:00,0,321338
2025-04-02 03:40:00,0,359117
2025-04-02 03:45:00,0,326130
2025-04-02 03:50:00,0,329110
2025-04-02 03:55:00,0,352877
2025-04-02 04:00:00,0,334087
2025-04-02 04:05:00,0,855550
2025-04-02 04:10:00,0,335090
2025-04-02 04:15:00,0,331950
2025-04-02 04:20:00,0,331121
2025-04-02 04:25:00,0,310832
2025-04-02 04:30:00,0,333032
2025-04-02 04:35:00,0,321171
2025-04-02 04:40:00,0,420388
2025-04-02 04:45:00,0,324458
2025-04-02 04:50:00,0,333489
2025-04-02 04:55:00,0,333445
2025-04-02 05:00:00,0,327260
2025-04-02 05:05:00,0,404432
2025-04-02 05:10:00,0,323458
2025-04-02 05:15:00,0,396853
2025-04-02 05:20:00,0,327632
2025-04-02 05:25:00,0,322867
2025-04-02 05:30:00,0,328216
2025-04-02 05:35:00,0,307545
2025-04-02 05:40:00,0,359755
2025-04-02 05:45:00,0,329339
2025-04-02 05:50:00,0,392702
2025-04-02 05:55:00,0,345590
2025-04-02 06:00:00,0,352659
2025-04-02 06:05:00,0,777486
2025-04-02 06:10:00,0,331281
2025-04-02 06:15:00,0,324789
2025-04-02 06:20:00,0,335606
2025-04-02 06:25:00,0,388678
2025-04-02 06:30:00,0,331476
2025-04-02 06:35:00,0,325048
2025-04-02 06:40:00,0,359448
2025-04-02 06:45:00,0,316457
2025-04-02 06:50:00,0,325659
2025-04-02 06:55:00,0,320215
2025-04-02 07:00:00,0,410496
2025-04-02 07:05:00,0,430367
2025-04-02 07:10:00,0,329830
2025-04-02 07:15:00,0,330445
2025-04-02 07:20:00,0,337388
2025-04-02 07:25:00,0,320171
2025-04-02 07:30:00,0,370118
2025-04-02 07:35:00,0,623761
2025-04-02 07:40:00,0,355751
2025-04-02 07:45:00,0,335377
2025-04-02 07:50:00,0,327332
2025-04-02 07:55:00,0,323089
2025-04-02 08:00:00,0,365203
2025-04-02 08:05:00,27.3,1466173
2025-04-02 08:10:00,0,453292
2025-04-02 08:15:00,0,372780
2025-04-02 08:20:00,0,377890
2025-04-02 08:25:00,0,371965
2025-04-02 08:30:00,0,382188
2025-04-02 08:35:00,0,367452
2025-04-02 08:40:00,0,461338
2025-04-02 08:45:00,0,375412
2025-04-02 08:50:00,0,378863
2025-04-02 08:55:00,0,363097
2025-04-02 09:00:00,0,384082
2025-04-02 09:05:00,0,451717
2025-04-02 09:10:00,0,380535
2025-04-02 09:15:00,0,453579
2025-04-02 09:20:00,0,389830
2025-04-02 09:25:00,0,375030
2025-04-02 09:30:00,0,384222
2025-04-02 09:35:00,0,368439
2025-04-02 09:40:00,0,411208
2025-04-02 09:45:00,0,374453
2025-04-02 09:50:00,0,472359
2025-04-02 09:55:00,0,373852
2025-04-02 10:00:00,0,424424
2025-04-02 10:05:00,0,831386
2025-04-02 10:10:00,0,390192
2025-04-02 10:15:00,0,380498
2025-04-02 10:20:00,0,375327
2025-04-02 10:25:00,0,449275
2025-04-02 10:30:00,0,391871
2025-04-02 10:35:00,0,368780
2025-04-02 10:40:00,0,403917
2025-04-02 10:45:00,0,377201
2025-04-02 10:50:00,0,384713
2025-04-02 10:55:00,0,414647
2025-04-02 11:00:00,0,413880
2025-04-02 11:05:00,1420,647704
2025-04-02 11:10:00,382225,570783
2025-04-02 11:15:00,0,472276
2025-04-02 11:20:00,0,487946
2025-04-02 11:25:00,4466871,464285
2025-04-02 11:30:00,12548560,519485
2025-04-02 11:35:00,0,444165
2025-04-02 11:40:00,0,412187
2025-04-02 11:45:00,0,376136
2025-04-02 11:50:00,0,454444
2025-04-02 11:55:00,54.6,384335
2025-04-02 12:00:00,0,376549
2025-04-02 12:05:00,0,902289
2025-04-02 12:10:00,13926,17466549
2025-04-02 12:15:00,27.3,30483500
2025-04-02 12:20:00,0,513092
2025-04-02 12:25:00,0,402531
2025-04-02 12:30:00,0,796221
2025-04-02 12:35:00,0,490699
2025-04-02 12:40:00,0,594736
2025-04-02 12:45:00,1311,432070
2025-04-02 12:50:00,6308,520424
2025-04-02 12:55:00,54.6,522714
2025-04-02 13:00:00,0,398875
2025-04-02 13:05:00,0,493916
2025-04-02 13:10:00,0,439680
2025-04-02 13:15:00,0,409102
2025-04-02 13:20:00,0,441774
2025-04-02 13:25:00,0,390537
2025-04-02 13:30:00,0,402838
2025-04-02 13:35:00,0,464043
2025-04-02 13:40:00,0,458752
2025-04-02 13:45:00,0,467990
2025-04-02 13:50:00,0,388567
2025-04-02 13:55:00,0,374927
2025-04-02 14:00:00,0,390219
2025-04-02 14:05:00,0,3260273
2025-04-02 14:10:00,0,392936
2025-04-02 14:15:00,1311,486050
2025-04-02 14:20:00,0,415877
2025-04-02 14:25:00,0,373869
2025-04-02 14:30:00,0,390151
2025-04-02 14:35:00,0,375429
2025-04-02 14:40:00,0,406583
2025-04-02 14:45:00,0,377225
2025-04-02 14:50:00,0,452087
2025-04-02 14:55:00,0,384519
2025-04-02 15:00:00,0,394121
2025-04-02 15:05:00,0,479075
2025-04-02 15:10:00,0,390045
2025-04-02 15:15:00,0,374665
2025-04-02 15:20:00,0,392629
2025-04-02 15:25:00,0,391728
2025-04-02 15:30:00,710,499929
2025-04-02 15:35:00,0,378737
2025-04-02 15:40:00,0,427138
2025-04-02 15:45:00,0,384922
2025-04-02 15:50:00,0,380525
2025-04-02 15:55:00,0,374060
2025-04-02 16:00:00,0,384495
2025-04-02 16:05:00,0,899828
2025-04-02 16:10:00,0,386953
2025-04-02 16:15:00,0,422253
2025-04-02 16:20:00,0,394813
2025-04-02 16:25:00,0,371698
2025-04-02 16:30:00,0,398930
2025-04-02 16:35:00,0,400140
2025-04-02 16:40:00,0,476867
2025-04-02 16:45:00,0,372207
2025-04-02 16:50:00,0,401913
2025-04-02 16:55:00,0,378088
2025-04-02 17:00:00,0,378204
2025-04-02 17:05:00,0,491807
2025-04-02 17:10:00,0,467437
2025-04-02 17:15:00,0,367800
2025-04-02 17:20:00,0,390106
2025-04-02 17:25:00,0,381382
2025-04-02 17:30:00,0,399742
2025-04-02 17:35:00,0,369029
2025-04-02 17:40:00,0,418877
2025-04-02 17:45:00,0,460034
2025-04-02 17:50:00,0,387352
2025-04-02 17:55:00,0,388304
2025-04-02 18:00:00,0,387966
2025-04-02 18:05:00,0,851046
2025-04-02 18:10:00,0,427035
2025-04-02 18:15:00,0,1128624
2025-04-02 18:20:00,0,467033
2025-04-02 18:25:00,0,1028768
2025-04-02 18:30:00,0,422711
2025-04-02 18:35:00,0,407777
2025-04-02 18:40:00,0,411877
2025-04-02 18:45:00,0,390178
2025-04-02 18:50:00,27.3,474182
2025-04-02 18:55:00,0,386768
2025-04-02 19:00:00,0,408241
2025-04-02 19:05:00,0,514311
2025-04-02 19:10:00,0,400456
2025-04-02 19:15:00,0,462080
2025-04-02 19:20:00,0,473054
2025-04-02 19:25:00,0,543483
2025-04-02 19:30:00,0,397358
2025-04-02 19:35:00,0,386075
2025-04-02 19:40:00,0,437316
2025-04-02 19:45:00,0,388273
2025-04-02 19:50:00,0,392875
2025-04-02 19:55:00,0,399077
2025-04-02 20:00:00,0,502004
2025-04-02 20:05:00,0,1541833
2025-04-02 20:10:00,0,363110
2025-04-02 20:15:00,0,397083
2025-04-02 20:20:00,0,336029
2025-04-02 20:25:00,0,344497
2025-04-02 20:30:00,0,433253
2025-04-02 20:35:00,0,336599
2025-04-02 20:40:00,0,380218
2025-04-02 20:45:00,0,358833
2025-04-02 20:50:00,0,329295
2025-04-02 20:55:00,0,390509
2025-04-02 21:00:00,0,826943
2025-04-02 21:05:00,0,475668
2025-04-02 21:10:00,0,341511
2025-04-02 21:15:00,0,365455
2025-04-02 21:20:00,0,348099
2025-04-02 21:25:00,0,330646
2025-04-02 21:30:00,0,342856
2025-04-02 21:35:00,0,422665
2025-04-02 21:40:00,0,375596
2025-04-02 21:45:00,0,389789
2025-04-02 21:50:00,0,361008
2025-04-02 21:55:00,0,394192
2025-04-02 22:00:00,0,339538
2025-04-02 22:05:00,0,792269
2025-04-02 22:10:00,0,434109
2025-04-02 22:15:00,383590,559862
2025-04-02 22:20:00,54.6,545824
2025-04-02 22:25:00,0,440214
2025-04-02 22:30:00,0,456451
2025-04-02 22:35:00,13519795,631801
2025-04-02 22:40:00,3493369,787750
2025-04-02 22:45:00,0,437086
2025-04-02 22:50:00,0,333199
2025-04-02 22:55:00,0,341251
2025-04-02 23:00:00,0,363018
2025-04-02 23:05:00,0,445420
2025-04-02 23:10:00,0,343559
2025-04-02 23:15:00,0,416224
2025-04-02 23:20:00,0,387734
2025-04-02 23:25:00,0,318413
2025-04-02 23:30:00,0,351447
2025-04-02 23:35:00,0,362878
2025-04-02 23:40:00,0,361602
2025-04-02 23:45:00,0,348389
2025-04-02 23:50:00,0,354767
2025-04-02 23:55:00,0,405564
2025-04-03 00:00:00,0,340384
2025-04-03 00:05:00,0,806274
2025-04-03 00:10:00,27.3,358540
2025-04-03 00:15:00,0,319949
2025-04-03 00:20:00,0,352843
2025-04-03 00:25:00,0,428153
2025-04-03 00:30:00,0,340077
2025-04-03 00:35:00,0,334257
2025-04-03 00:40:00,0,409853
2025-04-03 00:45:00,0,329373
2025-04-03 00:50:00,0,354297
2025-04-03 00:55:00,0,402778
2025-04-03 01:00:00,0,372579
2025-04-03 01:05:00,0,459056
2025-04-03 01:10:00,0,357079
2025-04-03 01:15:00,0,351652
2025-04-03 01:20:00,7400,502303
2025-04-03 01:25:00,273,536061
2025-04-03 01:30:00,0,435987
2025-04-03 01:35:00,0,336794
2025-04-03 01:40:00,0,366374
2025-04-03 01:45:00,0,363247
2025-04-03 01:50:00,0,346214
2025-04-03 01:55:00,0,334626
2025-04-03 02:00:00,0,451610
2025-04-03 02:05:00,0,1515226
2025-04-03 02:10:00,0,335343
2025-04-03 02:15:00,0,341473
2025-04-03 02:20:00,0,359721
2025-04-03 02:25:00,0,329779
2025-04-03 02:30:00,0,341920
2025-04-03 02:35:00,0,395092
2025-04-03 02:40:00,0,402244
2025-04-03 02:45:00,0,329127
2025-04-03 02:50:00,0,349710
2025-04-03 02:55:00,0,353690
2025-04-03 03:00:00,0,341658
2025-04-03 03:05:00,0,417785
2025-04-03 03:10:00,0,363947
2025-04-03 03:15:00,0,400608
2025-04-03 03:20:00,0,385109
2025-04-03 03:25:00,0,352584
2025-04-03 03:30:00,0,346470
2025-04-03 03:35:00,0,336101
2025-04-03 03:40:00,0,386400
2025-04-03 03:45:00,0,464705
2025-04-03 03:50:00,0,333148
2025-04-03 03:55:00,0,337828
2025-04-03 04:00:00,0,369268
2025-04-03 04:05:00,0,792405
2025-04-03 04:10:00,0,357775
2025-04-03 04:15:00,0,365923
2025-04-03 04:20:00,0,412070
2025-04-03 04:25:00,0,322417
2025-04-03 04:30:00,0,363366
2025-04-03 04:35:00,0,344781
2025-04-03 04:40:00,0,368087
2025-04-03 04:45:00,0,340483
2025-04-03 04:50:00,0,373391
2025-04-03 04:55:00,0,408049
2025-04-03 05:00:00,0,344385
2025-04-03 05:05:00,0,467855
2025-04-03 05:10:00,0,345115
2025-04-03 05:15:00,0,325919
2025-04-03 05:20:00,0,400937
2025-04-03 05:25:00,0,389750
2025-04-03 05:30:00,0,366479
2025-04-03 05:35:00,0,337053
2025-04-03 05:40:00,0,385905
2025-04-03 05:45:00,0,339357
2025-04-03 05:50:00,0,338801
2025-04-03 05:55:00,0,364643
2025-04-03 06:00:00,0,336544
2025-04-03 06:05:00,0,847846
2025-04-03 06:10:00,0,359240
2025-04-03 06:15:00,0,358178
2025-04-03 06:20:00,0,335090
2025-04-03 06:25:00,0,342545
2025-04-03 06:30:00,0,361530
2025-04-03 06:35:00,0,532511
2025-04-03 06:40:00,901,624966
2025-04-03 06:45:00,0,357045
2025-04-03 06:50:00,0,340842
2025-04-03 06:55:00,0,324495
2025-04-03 07:00:00,0,369224
2025-04-03 07:05:00,0,463613
2025-04-03 07:10:00,0,409264
2025-04-03 07:15:00,0,348679
2025-04-03 07:20:00,0,395127
2025-04-03 07:25:00,0,327305
2025-04-03 07:30:00,0,352891
2025-04-03 07:35:00,0,362117
2025-04-03 07:40:00,0,354543
2025-04-03 07:45:00,0,404949
2025-04-03 07:50:00,0,371279
2025-04-03 07:55:00,0,351065
2025-04-03 08:00:00,0,335527
2025-04-03 08:05:00,27.3,3290720
2025-04-03 08:10:00,0,421076
2025-04-03 08:15:00,0,387485
2025-04-03 08:20:00,0,474052
2025-04-03 08:25:00,0,415409
2025-04-03 08:30:00,0,401357
2025-04-03 08:35:00,0,378286
2025-04-03 08:40:00,0,435999
2025-04-03 08:45:00,0,415068
2025-04-03 08:50:00,0,459341
2025-04-03 08:55:00,0,398647
2025-04-03 09:00:00,0,410440
2025-04-03 09:05:00,0,472166
2025-04-03 09:10:00,0,401210
2025-04-03 09:15:00,0,410993
2025-04-03 09:20:00,0,422304
2025-04-03 09:25:00,0,462095
2025-04-03 09:30:00,0,416742
2025-04-03 09:35:00,0,417047
2025-04-03 09:40:00,0,425708
2025-04-03 09:45:00,0,399384
2025-04-03 09:50:00,0,409791
2025-04-03 09:55:00,0,386427
2025-04-03 10:00:00,0,492464
2025-04-03 10:05:00,0,879254
2025-04-03 10:10:00,0,400858
2025-04-03 10:15:00,0,380433
2025-04-03 10:20:00,0,407590
2025-04-03 10:25:00,0,404627
2025-04-03 10:30:00,0,382812
2025-04-03 10:35:00,0,463324
2025-04-03 10:40:00,0,448905
2025-04-03 10:45:00,383590,594388
2025-04-03 10:50:00,54.6,559549
2025-04-03 10:55:00,0,511130
2025-04-03 11:00:00,0,499821
2025-04-03 11:05:00,13199597,579386
2025-04-03 11:10:00,3813758,611241
2025-04-03 11:15:00,0,424540
2025-04-03 11:20:00,0,384191
2025-04-03 11:25:00,0,384809
2025-04-03 11:30:00,0,419079
2025-04-03 11:35:00,0,380225
2025-04-03 11:40:00,0,427366
2025-04-03 11:45:00,54.6,504612
2025-04-03 11:50:00,0,474228
2025-04-03 11:55:00,0,376975
2025-04-03 12:00:00,0,415116
2025-04-03 12:05:00,0,869407
2025-04-03 12:10:00,0,397445
2025-04-03 12:15:00,0,673381
2025-04-03 12:20:00,0,447679
2025-04-03 12:25:00,1311,438845
2025-04-03 12:30:00,6362,656442
2025-04-03 12:35:00,0,417809
2025-04-03 12:40:00,0,459182
2025-04-03 12:45:00,0,404664
2025-04-03 12:50:00,0,492023
2025-04-03 12:55:00,0,420830
2025-04-03 13:00:00,0,396469
2025-04-03 13:05:00,0,519287
2025-04-03 13:10:00,0,420035
2025-04-03 13:15:00,0,391588
2025-04-03 13:20:00,0,442117
2025-04-03 13:25:00,0,449123
2025-04-03 13:30:00,0,407808
2025-04-03 13:35:00,0,386662
2025-04-03 13:40:00,0,460076
2025-04-03 13:45:00,0,429749
2025-04-03 13:50:00,0,388072
2025-04-03 13:55:00,0,501199
2025-04-03 14:00:00,0,420666
2025-04-03 14:05:00,0,1498180
2025-04-03 14:10:00,0,414549
2025-04-03 14:15:00,0,449498
2025-04-03 14:20:00,0,393680
2025-04-03 14:25:00,0,371558
2025-04-03 14:30:00,0,554525
2025-04-03 14:35:00,0,404548
2025-04-03 14:40:00,0,410563
2025-04-03 14:45:00,0,395916
2025-04-03 14:50:00,0,406480
2025-04-03 14:55:00,0,382334
2025-04-03 15:00:00,0,465345
2025-04-03 15:05:00,0,512457
2025-04-03 15:10:00,0,400541
2025-04-03 15:15:00,0,365148
2025-04-03 15:20:00,0,411228
2025-04-03 15:25:00,0,386157
2025-04-03 15:30:00,0,388103
2025-04-03 15:35:00,0,461491
2025-04-03 15:40:00,0,449591
2025-04-03 15:45:00,0,377911
2025-04-03 15:50:00,0,397070
2025-04-03 15:55:00,710,442682
2025-04-03 16:00:00,0,393349
2025-04-03 16:05:00,0,914645
2025-04-03 16:10:00,0,455345
2025-04-03 16:15:00,0,404169
2025-04-03 16:20:00,0,397807
2025-04-03 16:25:00,0,385184
2025-04-03 16:30:00,0,414119
2025-04-03 16:35:00,0,376682
2025-04-03 16:40:00,0,506216
2025-04-03 16:45:00,0,412522
2025-04-03 16:50:00,0,393598
2025-04-03 16:55:00,0,373699
2025-04-03 17:00:00,0,407494
2025-04-03 17:05:00,0,514458
2025-04-03 17:10:00,0,383075
2025-04-03 17:15:00,0,454586
2025-04-03 17:20:00,0,477375
2025-04-03 17:25:00,0,631999
2025-04-03 17:30:00,0,397906
2025-04-03 17:35:00,0,424837
2025-04-03 17:40:00,0,414792
2025-04-03 17:45:00,0,383621
2025-04-03 17:50:00,0,484524
2025-04-03 17:55:00,0,395919
2025-04-03 18:00:00,0,386492
2025-04-03 18:05:00,0,844790
2025-04-03 18:10:00,0,448570
2025-04-03 18:15:00,0,398275
2025-04-03 18:20:00,0,395923
2025-04-03 18:25:00,0,484746
2025-04-03 18:30:00,0,407521
2025-04-03 18:35:00,0,374982
2025-04-03 18:40:00,0,444822
2025-04-03 18:45:00,0,402592
2025-04-03 18:50:00,0,379218
2025-04-03 18:55:00,0,379556
2025-04-03 19:00:00,0,486193
2025-04-03 19:05:00,0,499439
2025-04-03 19:10:00,0,393591
2025-04-03 19:15:00,0,411385
2025-04-03 19:20:00,0,399353
2025-04-03 19:25:00,0,373941
2025-04-03 19:30:00,0,411283
2025-04-03 19:35:00,0,516410
2025-04-03 19:40:00,0,412590
2025-04-03 19:45:00,0,403924
2025-04-03 19:50:00,0,404576
2025-04-03 19:55:00,0,379057
2025-04-03 20:00:00,0,404313
2025-04-03 20:05:00,0,1573800
2025-04-03 20:10:00,0,477173
2025-04-03 20:15:00,0,349484
2025-04-03 20:20:00,0,367729
2025-04-03 20:25:00,0,345655
2025-04-03 20:30:00,0,335517
2025-04-03 20:35:00,0,352065
2025-04-03 20:40:00,0,382949
2025-04-03 20:45:00,0,414548
2025-04-03 20:50:00,0,375078
2025-04-03 20:55:00,0,1089550
2025-04-03 21:00:00,0,627528
2025-04-03 21:05:00,0,966095
2025-04-03 21:10:00,0,405080
2025-04-03 21:15:00,0,437144
2025-04-03 21:20:00,628,851879
2025-04-03 21:25:00,1502,1979150
2025-04-03 21:30:00,22528,2302850
2025-04-03 21:35:00,5216,2559348
2025-04-03 21:40:00,0,1991025
2025-04-03 21:45:00,0,1306651
2025-04-03 21:50:00,383618,1899921
2025-04-03 21:55:00,0,906168
2025-04-03 22:00:00,0,891208
2025-04-03 22:05:00,257365,996994
2025-04-03 22:10:00,15751842,459824
2025-04-03 22:15:00,1004667,405480
2025-04-03 22:20:00,0,384672
2025-04-03 22:25:00,0,518170
2025-04-03 22:30:00,0,391369
2025-04-03 22:35:00,0,382607
2025-04-03 22:40:00,0,450775
2025-04-03 22:45:00,0,379877
2025-04-03 22:50:00,0,360957
2025-04-03 22:55:00,0,355376
2025-04-03 23:00:00,0,420869
2025-04-03 23:05:00,0,448976
2025-04-03 23:10:00,0,361039
2025-04-03 23:15:00,0,344631
2025-04-03 23:20:00,0,338569
2025-04-03 23:25:00,0,356970
2025-04-03 23:30:00,0,338722
2025-04-03 23:35:00,0,395921
2025-04-03 23:40:00,54.6,393161
2025-04-03 23:45:00,0,363406
2025-04-03 23:50:00,0,339750
2025-04-03 23:55:00,0,328410
2025-04-04 00:00:00,0,358844
2025-04-04 00:05:00,0,905791
2025-04-04 00:10:00,0,362329
2025-04-04 00:15:00,0,360643
2025-04-04 00:20:00,0,341371
2025-04-04 00:25:00,0,367862
2025-04-04 00:30:00,0,352864
2025-04-04 00:35:00,0,363145
2025-04-04 00:40:00,0,423962
2025-04-04 00:45:00,0,389055
2025-04-04 00:50:00,0,371685
2025-04-04 00:55:00,0,332841
2025-04-04 01:00:00,0,345211
2025-04-04 01:05:00,0,475660
2025-04-04 01:10:00,0,340869
2025-04-04 01:15:00,0,324352
2025-04-04 01:20:00,0,430754
2025-04-04 01:25:00,0,346395
2025-04-04 01:30:00,0,341064
2025-04-04 01:35:00,0,335234
2025-04-04 01:40:00,0,407900
2025-04-04 01:45:00,0,352177
2025-04-04 01:50:00,0,351398
2025-04-04 01:55:00,0,428442
2025-04-04 02:00:00,0,343624
2025-04-04 02:05:00,0,3287054
2025-04-04 02:10:00,0,358513
2025-04-04 02:15:00,0,349856
2025-04-04 02:20:00,0,338715
2025-04-04 02:25:00,0,381792
2025-04-04 02:30:00,0,425781
2025-04-04 02:35:00,0,336766
2025-04-04 02:40:00,0,410638
2025-04-04 02:45:00,6335,551520
2025-04-04 02:50:00,54.6,450099
2025-04-04 02:55:00,0,320423
2025-04-04 03:00:00,0,360008
2025-04-04 03:05:00,0,548395
2025-04-04 03:10:00,0,330103
2025-04-04 03:15:00,0,342272
2025-04-04 03:20:00,0,366145
2025-04-04 03:25:00,0,329622
2025-04-04 03:30:00,0,350147
2025-04-04 03:35:00,0,405769
2025-04-04 03:40:00,0,391482
2025-04-04 03:45:00,0,335444
2025-04-04 03:50:00,0,359547
2025-04-04 03:55:00,0,352413
2025-04-04 04:00:00,0,349177
2025-04-04 04:05:00,0,777192
2025-04-04 04:10:00,0,442733
2025-04-04 04:15:00,0,358607
2025-04-04 04:20:00,0,348020
2025-04-04 04:25:00,0,398886
2025-04-04 04:30:00,0,342426
2025-04-04 04:35:00,0,338360
2025-04-04 04:40:00,0,378952
2025-04-04 04:45:00,0,439342
2025-04-04 04:50:00,0,332500
2025-04-04 04:55:00,0,331977
2025-04-04 05:00:00,0,373197
2025-04-04 05:05:00,0,438077
2025-04-04 05:10:00,0,343098
2025-04-04 05:15:00,0,352853
2025-04-04 05:20:00,0,418695
2025-04-04 05:25:00,0,330080
2025-04-04 05:30:00,0,360264
2025-04-04 05:35:00,0,354888
2025-04-04 05:40:00,0,360967
2025-04-04 05:45:00,0,337698
2025-04-04 05:50:00,0,366742
2025-04-04 05:55:00,0,401099
2025-04-04 06:00:00,0,346218
2025-04-04 06:05:00,0,811858
2025-04-04 06:10:00,0,340657
2025-04-04 06:15:00,0,328612
2025-04-04 06:20:00,0,352403
2025-04-04 06:25:00,0,461331
2025-04-04 06:30:00,0,338408
2025-04-04 06:35:00,0,333397
2025-04-04 06:40:00,0,399640
2025-04-04 06:45:00,0,330691
2025-04-04 06:50:00,0,346040
2025-04-04 06:55:00,0,351478
2025-04-04 07:00:00,0,423497
2025-04-04 07:05:00,0,465207
2025-04-04 07:10:00,0,371589
2025-04-04 07:15:00,0,357400
2025-04-04 07:20:00,0,356226
2025-04-04 07:25:00,0,701099
2025-04-04 07:30:00,0,373893
2025-04-04 07:35:00,0,407332
2025-04-04 07:40:00,0,382648
2025-04-04 07:45:00,0,359369
2025-04-04 07:50:00,0,340169
2025-04-04 07:55:00,0,318665
2025-04-04 08:00:00,0,370002
2025-04-04 08:05:00,27.3,1647577
2025-04-04 08:10:00,0,392946
2025-04-04 08:15:00,0,396827
2025-04-04 08:20:00,0,421328
2025-04-04 08:25:00,0,416505
2025-04-04 08:30:00,0,403309
2025-04-04 08:35:00,0,418045
2025-04-04 08:40:00,0,493017
2025-04-04 08:45:00,0,385126
2025-04-04 08:50:00,0,428302
2025-04-04 08:55:00,0,399005
2025-04-04 09:00:00,0,385116
2025-04-04 09:05:00,0,509269
2025-04-04 09:10:00,0,435927
2025-04-04 09:15:00,0,447469
2025-04-04 09:20:00,0,407712
2025-04-04 09:25:00,0,406992
2025-04-04 09:30:00,0,402483
2025-04-04 09:35:00,0,377661
2025-04-04 09:40:00,0,443307
2025-04-04 09:45:00,0,463471
2025-04-04 09:50:00,0,419601
2025-04-04 09:55:00,0,385300
2025-04-04 10:00:00,0,423721
2025-04-04 10:05:00,0,858706
2025-04-04 10:10:00,0,400265
2025-04-04 10:15:00,0,413187
2025-04-04 10:20:00,0,417087
2025-04-04 10:25:00,0,486455
2025-04-04 10:30:00,0,422052
2025-04-04 10:35:00,0,407863
2025-04-04 10:40:00,383563,641359
2025-04-04 10:45:00,54.6,575539
2025-04-04 10:50:00,0,546198
2025-04-04 10:55:00,0,528556
2025-04-04 11:00:00,13199597,657323
2025-04-04 11:05:00,3812939,1026021
2025-04-04 11:10:00,27.3,421724
2025-04-04 11:15:00,0,381348
2025-04-04 11:20:00,0,416229
2025-04-04 11:25:00,0,408934
2025-04-04 11:30:00,0,478015
2025-04-04 11:35:00,0,385539
2025-04-04 11:40:00,0,458305
2025-04-04 11:45:00,0,394619
2025-04-04 11:50:00,0,470258
2025-04-04 11:55:00,81.9,415297
2025-04-04 12:00:00,0,524283
2025-04-04 12:05:00,0,823453
2025-04-04 12:10:00,0,403418
2025-04-04 12:15:00,0,639150
2025-04-04 12:20:00,7619,552175
2025-04-04 12:25:00,54.6,515038
2025-04-04 12:30:00,0,421506
2025-04-04 12:35:00,0,450992
2025-04-04 12:40:00,0,425991
2025-04-04 12:45:00,0,409214
2025-04-04 12:50:00,0,398319
2025-04-04 12:55:00,0,375487
2025-04-04 13:00:00,0,400671
2025-04-04 13:05:00,0,525225
2025-04-04 13:10:00,0,451512
2025-04-04 13:15:00,0,377132
2025-04-04 13:20:00,0,419905
2025-04-04 13:25:00,0,379733
2025-04-04 13:30:00,0,383891
2025-04-04 13:35:00,0,409859
2025-04-04 13:40:00,0,429066
2025-04-04 13:45:00,0,458515
2025-04-04 13:50:00,0,412013
2025-04-04 13:55:00,0,392507
2025-04-04 14:00:00,0,428134
2025-04-04 14:05:00,0,1535338
2025-04-04 14:10:00,0,413897
2025-04-04 14:15:00,0,457129
2025-04-04 14:20:00,0,391967
2025-04-04 14:25:00,0,399852
2025-04-04 14:30:00,0,399602
2025-04-04 14:35:00,0,373743
2025-04-04 14:40:00,0,437094
2025-04-04 14:45:00,0,404460
2025-04-04 14:50:00,0,465768
2025-04-04 14:55:00,0,391410
2025-04-04 15:00:00,0,410296
2025-04-04 15:05:00,0,498845
2025-04-04 15:10:00,0,397268
2025-04-04 15:15:00,0,403924
2025-04-04 15:20:00,0,474667
2025-04-04 15:25:00,0,391335
2025-04-04 15:30:00,710,1132913
2025-04-04 15:35:00,0,1135623
2025-04-04 15:40:00,0,1599454
2025-04-04 15:45:00,0,792259
2025-04-04 15:50:00,0,810619
2025-04-04 15:55:00,0,523382
2025-04-04 16:00:00,0,460302
2025-04-04 16:05:00,0,858740
2025-04-04 16:10:00,0,398568
2025-04-04 16:15:00,0,385283
2025-04-04 16:20:00,0,464172
2025-04-04 16:25:00,0,493925
2025-04-04 16:30:00,0,431179
2025-04-04 16:35:00,0,397739
2025-04-04 16:40:00,0,490315
2025-04-04 16:45:00,0,415027
2025-04-04 16:50:00,0,665252
2025-04-04 16:55:00,0,410508
2025-04-04 17:00:00,0,433116
2025-04-04 17:05:00,0,530982
2025-04-04 17:10:00,0,401237
2025-04-04 17:15:00,0,426953
2025-04-04 17:20:00,0,402220
2025-04-04 17:25:00,0,388222
2025-04-04 17:30:00,0,423195
2025-04-04 17:35:00,0,463816
2025-04-04 17:40:00,0,430851
2025-04-04 17:45:00,0,411599
2025-04-04 17:50:00,0,401352
2025-04-04 17:55:00,0,378935
2025-04-04 18:00:00,0,407067
2025-04-04 18:05:00,0,894020
2025-04-04 18:10:00,0,455405
2025-04-04 18:15:00,0,390912
2025-04-04 18:20:00,0,428879
2025-04-04 18:25:00,0,382498
2025-04-04 18:30:00,0,405890
2025-04-04 18:35:00,0,450133
2025-04-04 18:40:00,0,423762
2025-04-04 18:45:00,0,444981
2025-04-04 18:50:00,0,413088
2025-04-04 18:55:00,0,408265
2025-04-04 19:00:00,0,386314
2025-04-04 19:05:00,0,500070
2025-04-04 19:10:00,0,413047
2025-04-04 19:15:00,0,380744
2025-04-04 19:20:00,0,468376
2025-04-04 19:25:00,0,409279
2025-04-04 19:30:00,0,397046
2025-04-04 19:35:00,0,379064
2025-04-04 19:40:00,0,445129
2025-04-04 19:45:00,0,411713
2025-04-04 19:50:00,0,384372
2025-04-04 19:55:00,0,497231
2025-04-04 20:00:00,0,428592
2025-04-04 20:05:00,0,3353382
2025-04-04 20:10:00,0,357274
2025-04-04 20:15:00,0,360465
2025-04-04 20:20:00,0,339005
2025-04-04 20:25:00,0,325086
2025-04-04 20:30:00,0,477022
2025-04-04 20:35:00,0,405702
2025-04-04 20:40:00,0,372262
2025-04-04 20:45:00,0,340422
2025-04-04 20:50:00,0,380631
2025-04-04 20:55:00,0,367254
2025-04-04 21:00:00,0,585742
2025-04-04 21:05:00,0,583142
2025-04-04 21:10:00,0,330943
2025-04-04 21:15:00,0,328042
2025-04-04 21:20:00,0,356567
2025-04-04 21:25:00,0,362428
2025-04-04 21:30:00,0,343429
2025-04-04 21:35:00,0,348365
2025-04-04 21:40:00,0,465089
2025-04-04 21:45:00,0,333868
2025-04-04 21:50:00,0,352328
2025-04-04 21:55:00,0,349754
2025-04-04 22:00:00,0,342941
2025-04-04 22:05:00,0,785623
2025-04-04 22:10:00,0,424675
2025-04-04 22:15:00,0,357588
2025-04-04 22:20:00,0,341883
2025-04-04 22:25:00,0,334619
2025-04-04 22:30:00,0,364599
2025-04-04 22:35:00,0,366326
2025-04-04 22:40:00,0,368200
2025-04-04 22:45:00,0,449585
2025-04-04 22:50:00,0,335691
2025-04-04 22:55:00,0,326659
2025-04-04 23:00:00,0,356035
2025-04-04 23:05:00,0,463961
2025-04-04 23:10:00,0,342521
2025-04-04 23:15:00,0,331735
2025-04-04 23:20:00,0,441339
2025-04-04 23:25:00,0,328253
2025-04-04 23:30:00,0,338715
2025-04-04 23:35:00,0,366660
2025-04-04 23:40:00,383563,688152
2025-04-04 23:45:00,54.6,505431
2025-04-04 23:50:00,0,448891
2025-04-04 23:55:00,0,530700
2025-04-05 00:00:00,13199597,429780
2025-04-05 00:05:00,3811656,923319
2025-04-05 00:10:00,0,366172
2025-04-05 00:15:00,27.3,338647
2025-04-05 00:20:00,0,345767
2025-04-05 00:25:00,0,363302
2025-04-05 00:30:00,0,416862
2025-04-05 00:35:00,0,333087
2025-04-05 00:40:00,0,404070
2025-04-05 00:45:00,0,356328
2025-04-05 00:50:00,0,342316
2025-04-05 00:55:00,0,333906
2025-04-05 01:00:00,0,440817
2025-04-05 01:05:00,0,481911
2025-04-05 01:10:00,0,342552
2025-04-05 01:15:00,0,350891
2025-04-05 01:20:00,7673,709168
2025-04-05 01:25:00,54.6,555510
2025-04-05 01:30:00,0,351764
2025-04-05 01:35:00,0,489334
2025-04-05 01:40:00,0,361888
2025-04-05 01:45:00,0,353584
2025-04-05 01:50:00,383563,605530
2025-04-05 01:55:00,54.6,485250
2025-04-05 02:00:00,0,442856
2025-04-05 02:05:00,0,1650596
2025-04-05 02:10:00,13831228,502453
2025-04-05 02:15:00,3179943,450751
2025-04-05 02:20:00,0,355171
2025-04-05 02:25:00,0,356581
2025-04-05 02:30:00,0,338562
2025-04-05 02:35:00,109,352294
2025-04-05 02:40:00,0,448968
2025-04-05 02:45:00,0,365793
2025-04-05 02:50:00,0,347177
2025-04-05 02:55:00,0,354843
2025-04-05 03:00:00,0,348051
2025-04-05 03:05:00,0,443634
2025-04-05 03:10:00,0,352427
2025-04-05 03:15:00,0,436144
2025-04-05 03:20:00,0,335244
2025-04-05 03:25:00,0,325113
2025-04-05 03:30:00,0,374023
2025-04-05 03:35:00,0,328567
2025-04-05 03:40:00,0,375760
2025-04-05 03:45:00,710,391434
2025-04-05 03:50:00,0,421719
2025-04-05 03:55:00,0,330107
2025-04-05 04:00:00,0,393564
2025-04-05 04:05:00,0,798829
2025-04-05 04:10:00,0,335753
2025-04-05 04:15:00,0,330148
2025-04-05 04:20:00,0,413802
2025-04-05 04:25:00,27.3,404627
2025-04-05 04:30:00,0,352464
2025-04-05 04:35:00,0,360264
2025-04-05 04:40:00,0,378317
2025-04-05 04:45:00,0,325932
2025-04-05 04:50:00,0,359277
2025-04-05 04:55:00,0,432857
2025-04-05 05:00:00,0,335565
2025-04-05 05:05:00,0,448526
2025-04-05 05:10:00,0,363056
2025-04-05 05:15:00,0,339900
2025-04-05 05:20:00,0,347617
2025-04-05 05:25:00,0,353437
2025-04-05 05:30:00,0,422269
2025-04-05 05:35:00,0,327991
2025-04-05 05:40:00,0,380655
2025-04-05 05:45:00,0,355174
2025-04-05 05:50:00,0,348092
2025-04-05 05:55:00,0,334742
2025-04-05 06:00:00,0,475960
2025-04-05 06:05:00,0,793153
2025-04-05 06:10:00,0,346617
2025-04-05 06:15:00,0,354307
2025-04-05 06:20:00,0,356680
2025-04-05 06:25:00,0,328544
2025-04-05 06:30:00,0,350682
2025-04-05 06:35:00,0,428764
2025-04-05 06:40:00,0,369336
2025-04-05 06:45:00,7619,542099
2025-04-05 06:50:00,54.6,485195
2025-04-05 06:55:00,0,320638
2025-04-05 07:00:00,0,339726
2025-04-05 07:05:00,0,481574
2025-04-05 07:10:00,0,413087
2025-04-05 07:15:00,0,332954
2025-04-05 07:20:00,0,359683
2025-04-05 07:25:00,0,359745
2025-04-05 07:30:00,0,337094
2025-04-05 07:35:00,0,340634
2025-04-05 07:40:00,0,395769
2025-04-05 07:45:00,0,417951
2025-04-05 07:50:00,0,345996
2025-04-05 07:55:00,0,353676
2025-04-05 08:00:00,0,387857
2025-04-05 08:05:00,0,1465272
2025-04-05 08:10:00,0,349481
2025-04-05 08:15:00,0,434086
2025-04-05 08:20:00,0,352208
2025-04-05 08:25:00,0,328455
2025-04-05 08:30:00,0,365404
2025-04-05 08:35:00,0,330025
2025-04-05 08:40:00,0,371408
2025-04-05 08:45:00,0,365966
2025-04-05 08:50:00,0,421127
2025-04-05 08:55:00,0,327482
2025-04-05 09:00:00,0,371285
2025-04-05 09:05:00,0,465388
2025-04-05 09:10:00,0,333858
2025-04-05 09:15:00,0,326373
2025-04-05 09:20:00,0,378460
2025-04-05 09:25:00,0,401659
2025-04-05 09:30:00,0,350949
2025-04-05 09:35:00,0,361178
2025-04-05 09:40:00,0,368759
2025-04-05 09:45:00,0,324369
2025-04-05 09:50:00,0,359769
2025-04-05 09:55:00,0,349090
2025-04-05 10:00:00,0,433005
2025-04-05 10:05:00,0,799031
2025-04-05 10:10:00,0,378767
2025-04-05 10:15:00,0,322601
2025-04-05 10:20:00,0,350341
2025-04-05 10:25:00,0,362858
2025-04-05 10:30:00,0,423538
2025-04-05 10:35:00,0,327089
2025-04-05 10:40:00,0,387697
2025-04-05 10:45:00,0,396544
2025-04-05 10:50:00,0,348256
2025-04-05 10:55:00,0,335507
2025-04-05 11:00:00,0,368162
2025-04-05 11:05:00,0,499860
2025-04-05 11:10:00,0,369992
2025-04-05 11:15:00,0,542491
2025-04-05 11:20:00,0,516492
2025-04-05 11:25:00,0,325246
2025-04-05 11:30:00,0,354649
2025-04-05 11:35:00,0,360834
2025-04-05 11:40:00,0,440783
2025-04-05 11:45:00,0,345716
2025-04-05 11:50:00,0,445198
2025-04-05 11:55:00,0,326011
2025-04-05 12:00:00,0,374811
2025-04-05 12:05:00,0,840759
2025-04-05 12:10:00,0,346173
2025-04-05 12:15:00,0,412493
2025-04-05 12:20:00,0,593125
2025-04-05 12:25:00,0,353457
2025-04-05 12:30:00,0,337975
2025-04-05 12:35:00,0,336261
2025-04-05 12:40:00,0,409590
2025-04-05 12:45:00,0,402000
2025-04-05 12:50:00,0,354099
2025-04-05 12:55:00,0,362892
2025-04-05 13:00:00,0,348372
2025-04-05 13:05:00,0,444740
2025-04-05 13:10:00,0,354553
2025-04-05 13:15:00,0,352746
2025-04-05 13:20:00,0,411412
2025-04-05 13:25:00,0,336135
2025-04-05 13:30:00,0,367442
2025-04-05 13:35:00,0,341477
2025-04-05 13:40:00,0,376893
2025-04-05 13:45:00,0,372415
2025-04-05 13:50:00,0,417507
2025-04-05 13:55:00,0,327653
2025-04-05 14:00:00,0,381682
2025-04-05 14:05:00,0,3294126
2025-04-05 14:10:00,0,340855
2025-04-05 14:15:00,0,328369
2025-04-05 14:20:00,0,387110
2025-04-05 14:25:00,0,403536
2025-04-05 14:30:00,0,340859
2025-04-05 14:35:00,0,360096
2025-04-05 14:40:00,0,378897
2025-04-05 14:45:00,0,325888
2025-04-05 14:50:00,0,353655
2025-04-05 14:55:00,0,505718
2025-04-05 15:00:00,0,334886
2025-04-05 15:05:00,0,427848
2025-04-05 15:10:00,0,376248
2025-04-05 15:15:00,0,324960
2025-04-05 15:20:00,0,340835
2025-04-05 15:25:00,0,352956
2025-04-05 15:30:00,0,420275
2025-04-05 15:35:00,0,324410
2025-04-05 15:40:00,0,377856
2025-04-05 15:45:00,0,491226
2025-04-05 15:50:00,0,495558
2025-04-05 15:55:00,0,325181
2025-04-05 16:00:00,0,365930
2025-04-05 16:05:00,0,872849
2025-04-05 16:10:00,0,351239
2025-04-05 16:15:00,383563,591104
2025-04-05 16:20:00,54.6,518728
2025-04-05 16:25:00,0,428663
2025-04-05 16:30:00,0,447317
2025-04-05 16:35:00,14876445,765990
2025-04-05 16:40:00,2134835,732575
2025-04-05 16:45:00,0,333711
2025-04-05 16:50:00,0,375996
2025-04-05 16:55:00,0,326038
2025-04-05 17:00:00,0,337527
2025-04-05 17:05:00,0,438678
2025-04-05 17:10:00,0,417678
2025-04-05 17:15:00,0,330643
2025-04-05 17:20:00,0,355393
2025-04-05 17:25:00,0,356680
2025-04-05 17:30:00,0,326117
2025-04-05 17:35:00,0,331523
2025-04-05 17:40:00,0,396691
2025-04-05 17:45:00,0,384480
2025-04-05 17:50:00,0,373456
2025-04-05 17:55:00,0,346948
2025-04-05 18:00:00,0,340511
2025-04-05 18:05:00,0,831952
2025-04-05 18:10:00,0,342432
2025-04-05 18:15:00,0,359407
2025-04-05 18:20:00,0,401321
2025-04-05 18:25:00,0,340985
2025-04-05 18:30:00,0,380969
2025-04-05 18:35:00,0,318368
2025-04-05 18:40:00,0,375282
2025-04-05 18:45:00,0,351252
2025-04-05 18:50:00,0,336978
2025-04-05 18:55:00,0,330892
2025-04-05 19:00:00,0,422982
2025-04-05 19:05:00,0,431551
2025-04-05 19:10:00,0,336401
2025-04-05 19:15:00,0,337531
2025-04-05 19:20:00,0,369227
2025-04-05 19:25:00,0,319423
2025-04-05 19:30:00,0,404215
2025-04-05 19:35:00,0,366220
2025-04-05 19:40:00,0,366176
2025-04-05 19:45:00,0,329704
2025-04-05 19:50:00,0,355574
2025-04-05 19:55:00,0,352642
2025-04-05 20:00:00,0,388062
2025-04-05 20:05:00,0,1628815
2025-04-05 20:10:00,0,388895
2025-04-05 20:15:00,0,329513
2025-04-05 20:20:00,0,355045
2025-04-05 20:25:00,7619,509822
2025-04-05 20:30:00,54.6,471207
2025-04-05 20:35:00,0,427576
2025-04-05 20:40:00,0,387383
2025-04-05 20:45:00,0,350607
2025-04-05 20:50:00,0,332803
2025-04-05 20:55:00,0,338442
2025-04-05 21:00:00,0,371808
2025-04-05 21:05:00,0,445225
2025-04-05 21:10:00,0,421830
2025-04-05 21:15:00,0,351526
2025-04-05 21:20:00,0,348675
2025-04-05 21:25:00,0,333199
2025-04-05 21:30:00,0,360369
2025-04-05 21:35:00,0,346334
2025-04-05 21:40:00,0,444998
2025-04-05 21:45:00,0,334343
2025-04-05 21:50:00,710,421212
2025-04-05 21:55:00,0,330970
2025-04-05 22:00:00,0,344702
2025-04-05 22:05:00,0,835277
2025-04-05 22:10:00,0,337623
2025-04-05 22:15:00,0,395795
2025-04-05 22:20:00,0,368271
2025-04-05 22:25:00,0,345364
2025-04-05 22:30:00,0,328940
2025-04-05 22:35:00,0,329943
2025-04-05 22:40:00,0,397066
2025-04-05 22:45:00,0,391381
2025-04-05 22:50:00,0,346450
2025-04-05 22:55:00,0,363735
2025-04-05 23:00:00,0,339391
2025-04-05 23:05:00,0,442433
2025-04-05 23:10:00,0,350700
2025-04-05 23:15:00,0,356413
2025-04-05 23:20:00,0,413841
2025-04-05 23:25:00,0,326601
2025-04-05 23:30:00,0,379255
2025-04-05 23:35:00,0,317536
2025-04-05 23:40:00,0,377740
2025-04-05 23:45:00,0,369193
2025-04-05 23:50:00,0,336664
2025-04-05 23:55:00,0,394272
2025-04-06 00:00:00,0,352686
2025-04-06 00:05:00,0,826535
2025-04-06 00:10:00,0,337906
2025-04-06 00:15:00,0,335222
2025-04-06 00:20:00,0,393830
2025-04-06 00:25:00,0,319420
2025-04-06 00:30:00,0,421528
2025-04-06 00:35:00,0,356444
2025-04-06 00:40:00,0,391813
2025-04-06 00:45:00,0,328294
2025-04-06 00:50:00,0,432564
2025-04-06 00:55:00,0,707413
2025-04-06 01:00:00,0,402502
2025-04-06 01:05:00,0,442672
2025-04-06 01:10:00,0,393974
2025-04-06 01:15:00,0,334749
2025-04-06 01:20:00,0,337009
2025-04-06 01:25:00,0,369667
2025-04-06 01:30:00,0,338452
2025-04-06 01:35:00,0,394406
2025-04-06 01:40:00,0,415925
2025-04-06 01:45:00,0,363738
2025-04-06 01:50:00,0,340282
2025-04-06 01:55:00,0,323813
2025-04-06 02:00:00,0,373856
2025-04-06 02:05:00,0,1474065
2025-04-06 02:10:00,0,415899
2025-04-06 02:15:00,0,396093
2025-04-06 02:20:00,0,355318
2025-04-06 02:25:00,0,322649
2025-04-06 02:30:00,0,351833
2025-04-06 02:35:00,0,356748
2025-04-06 02:40:00,0,367558
2025-04-06 02:45:00,0,401802
2025-04-06 02:50:00,0,379839
2025-04-06 02:55:00,0,327916
2025-04-06 03:00:00,0,335657
2025-04-06 03:05:00,0,473225
2025-04-06 03:10:00,0,335759
2025-04-06 03:15:00,0,341849
2025-04-06 03:20:00,0,427245
2025-04-06 03:25:00,0,351386
2025-04-06 03:30:00,0,339302
2025-04-06 03:35:00,0,330557
2025-04-06 03:40:00,0,408265
2025-04-06 03:45:00,0,324017
2025-04-06 03:50:00,0,349058
2025-04-06 03:55:00,0,424214
2025-04-06 04:00:00,0,339589
2025-04-06 04:05:00,0,797727
2025-04-06 04:10:00,0,362694
2025-04-06 04:15:00,0,349703
2025-04-06 04:20:00,0,376805
2025-04-06 04:25:00,0,336053
2025-04-06 04:30:00,0,465678
2025-04-06 04:35:00,0,333943
2025-04-06 04:40:00,0,385232
2025-04-06 04:45:00,0,355236
2025-04-06 04:50:00,0,346218
2025-04-06 04:55:00,0,326543
2025-04-06 05:00:00,0,365039
2025-04-06 05:05:00,0,541786
2025-04-06 05:10:00,0,364148
2025-04-06 05:15:00,0,341815
2025-04-06 05:20:00,0,376375
2025-04-06 05:25:00,0,335753
2025-04-06 05:30:00,0,344139
2025-04-06 05:35:00,0,359188
2025-04-06 05:40:00,0,445251
2025-04-06 05:45:00,0,329571
2025-04-06 05:50:00,0,355997
2025-04-06 05:55:00,0,354690
2025-04-06 06:00:00,0,334988
2025-04-06 06:05:00,0,820733
2025-04-06 06:10:00,0,445240
2025-04-06 06:15:00,0,337705
2025-04-06 06:20:00,0,344890
2025-04-06 06:25:00,0,357721
2025-04-06 06:30:00,0,334937
2025-04-06 06:35:00,383563,542669
2025-04-06 06:40:00,54.6,541455
2025-04-06 06:45:00,0,505561
2025-04-06 06:50:00,0,447229
2025-04-06 06:55:00,13400219,436449
2025-04-06 07:00:00,3611088,479362
2025-04-06 07:05:00,0,440695
2025-04-06 07:10:00,1338,391011
2025-04-06 07:15:00,6362,872678
2025-04-06 07:20:00,0,348624
2025-04-06 07:25:00,0,328585
2025-04-06 07:30:00,0,353352
2025-04-06 07:35:00,0,358550
2025-04-06 07:40:00,0,365588
2025-04-06 07:45:00,0,341490
2025-04-06 07:50:00,0,449773
2025-04-06 07:55:00,0,323342
2025-04-06 08:00:00,0,342545
2025-04-06 08:05:00,0,3226508
2025-04-06 08:10:00,0,362441
2025-04-06 08:15:00,0,325994
2025-04-06 08:20:00,0,360574
2025-04-06 08:25:00,0,421600
2025-04-06 08:30:00,0,339319
2025-04-06 08:35:00,0,333237
2025-04-06 08:40:00,0,405681
2025-04-06 08:45:00,0,326496
2025-04-06 08:50:00,0,349532
2025-04-06 08:55:00,0,422296
2025-04-06 09:00:00,0,350983
2025-04-06 09:05:00,0,437258
2025-04-06 09:10:00,0,359031
2025-04-06 09:15:00,0,350426
2025-04-06 09:20:00,0,341146
2025-04-06 09:25:00,0,330172
2025-04-06 09:30:00,0,438724
2025-04-06 09:35:00,0,349252
2025-04-06 09:40:00,0,367302
2025-04-06 09:45:00,0,360236
2025-04-06 09:50:00,0,350048
2025-04-06 09:55:00,0,323860
2025-04-06 10:00:00,0,362182
2025-04-06 10:05:00,0,897388
2025-04-06 10:10:00,0,352290
2025-04-06 10:15:00,0,329929
2025-04-06 10:20:00,0,369947
2025-04-06 10:25:00,0,333524
2025-04-06 10:30:00,0,346948
2025-04-06 10:35:00,0,436748
2025-04-06 10:40:00,0,389878
2025-04-06 10:45:00,0,334879
2025-04-06 10:50:00,0,356024
2025-04-06 10:55:00,0,355806
2025-04-06 11:00:00,0,334415
2025-04-06 11:05:00,0,446778
2025-04-06 11:10:00,0,415411
2025-04-06 11:15:00,0,369446
2025-04-06 11:20:00,0,343985
2025-04-06 11:25:00,0,346689
2025-04-06 11:30:00,0,353485
2025-04-06 11:35:00,0,329182
2025-04-06 11:40:00,0,390605
2025-04-06 11:45:00,0,435536
2025-04-06 11:50:00,0,412583
2025-04-06 11:55:00,0,325690
2025-04-06 12:00:00,0,372081
2025-04-06 12:05:00,0,782261
2025-04-06 12:10:00,0,377095
2025-04-06 12:15:00,0,537612
2025-04-06 12:20:00,0,496036
2025-04-06 12:25:00,0,325772
2025-04-06 12:30:00,0,359229
2025-04-06 12:35:00,0,355751
2025-04-06 12:40:00,0,372470
2025-04-06 12:45:00,0,342013
2025-04-06 12:50:00,0,498068
2025-04-06 12:55:00,0,657073
2025-04-06 13:00:00,0,348774
2025-04-06 13:05:00,0,461435
2025-04-06 13:10:00,0,351266
2025-04-06 13:15:00,0,325652
2025-04-06 13:20:00,0,358079
2025-04-06 13:25:00,0,428710
2025-04-06 13:30:00,178586,361455
2025-04-06 13:35:00,24898,329159
2025-04-06 13:40:00,0,424306
2025-04-06 13:45:00,0,334029
2025-04-06 13:50:00,0,306467